datetime,commission,exec_id,last_price,last_quantity,order_book_id,order_id,position_effect,side,symbol,tax,trading_datetime,transaction_cost
2014-03-03 15:00:00,8264.6928,15972912356907,8.82,1171300.0,000418.XSHE,15972912439538,OPEN,BUY,小天鹅A,0.0,2014-03-03 15:00:00,8264.6928
2014-03-03 15:00:00,6042.8063999999995,15972912356908,10.37,728400.0,000921.XSHE,15972912439552,OPEN,BUY,海信家电,0.0,2014-03-03 15:00:00,6042.8063999999995
2014-03-03 15:00:00,12271.784000000001,15972912356909,10.85,1413800.0,002035.XSHE,15972912439567,OPEN,BUY,华帝股份,0.0,2014-03-03 15:00:00,12271.784000000001
2014-03-03 15:00:00,21277.816,15972912356910,18.58,1431500.0,600690.XSHG,15972912439581,OPEN,BUY,海尔智家,0.0,2014-03-03 15:00:00,21277.816
2014-03-03 15:00:00,6177.2784,15972912356911,13.38,577100.0,603366.XSHG,15972912439597,OPEN,BUY,日出东方,0.0,2014-03-03 15:00:00,6177.2784
2014-04-01 15:00:00,2694.84,15972912356912,13.21,255000.0,603366.XSHG,15972912439598,CLOSE,SELL,日出东方,3368.55,2014-04-01 15:00:00,6063.39
2014-04-01 15:00:00,3315.08,15972912356913,8.95,463000.0,000418.XSHE,15972912439614,OPEN,BUY,小天鹅A,0.0,2014-04-01 15:00:00,3315.08
2014-04-01 15:00:00,11844.12,15972912356914,8.9,1663500.0,000921.XSHE,15972912439629,OPEN,BUY,海信家电,0.0,2014-04-01 15:00:00,11844.12
2014-04-01 15:00:00,339.968,15972912356915,12.8,33200.0,002035.XSHE,15972912439631,OPEN,BUY,华帝股份,0.0,2014-04-01 15:00:00,339.968
2014-04-01 15:00:00,6734.0,15972912356916,16.25,518000.0,600690.XSHG,15972912439637,OPEN,BUY,海尔智家,0.0,2014-04-01 15:00:00,6734.0
2014-05-05 15:00:00,5263.3144,15972912356917,8.41,782300.0,000921.XSHE,15972912439638,CLOSE,SELL,海信家电,6579.143,2014-05-05 15:00:00,11842.4574
2014-05-05 15:00:00,3527.6392,15972912356918,13.69,322100.0,603366.XSHG,15972912439639,CLOSE,SELL,日出东方,4409.549,2014-05-05 15:00:00,7937.1882000000005
2014-05-05 15:00:00,4685.472000000001,15972912356919,9.18,638000.0,000418.XSHE,15972912439651,OPEN,BUY,小天鹅A,0.0,2014-05-05 15:00:00,4685.472000000001
2014-05-05 15:00:00,1456.6544000000001,15972912356920,10.58,172100.0,002035.XSHE,15972912439654,OPEN,BUY,华帝股份,0.0,2014-05-05 15:00:00,1456.6544000000001
2014-05-05 15:00:00,8110.108,15972912356921,9.47,1070500.0,002242.XSHE,15972912439666,OPEN,BUY,九阳股份,0.0,2014-05-05 15:00:00,8110.108
2014-05-05 15:00:00,1103.1456,15972912356922,15.22,90600.0,600690.XSHG,15972912439669,OPEN,BUY,海尔智家,0.0,2014-05-05 15:00:00,1103.1456
2014-06-03 15:00:00,5422.592000000001,15972912356923,8.9,761600.0,000921.XSHE,15972912439671,CLOSE,SELL,海信家电,6778.24,2014-06-03 15:00:00,12200.832
2014-06-03 15:00:00,988.1840000000001,15972912356924,10.1,122300.0,002035.XSHE,15972912439674,OPEN,BUY,华帝股份,0.0,2014-06-03 15:00:00,988.1840000000001
2014-06-03 15:00:00,4420.6912,15972912356925,8.72,633700.0,002242.XSHE,15972912439681,OPEN,BUY,九阳股份,0.0,2014-06-03 15:00:00,4420.6912
2014-07-01 15:00:00,3219.2448000000004,15972912356926,8.56,470100.0,000921.XSHE,15972912439682,CLOSE,SELL,海信家电,4024.0560000000005,2014-07-01 15:00:00,7243.300800000001
2014-07-01 15:00:00,903.93452,15972912356927,10.19,110885.0,000418.XSHE,15972912439684,CLOSE,SELL,小天鹅A,1129.91815,2014-07-01 15:00:00,2033.85267
2014-07-01 15:00:00,2459.358136,15972912356928,10.33,297599.0,002242.XSHE,15972912439685,CLOSE,SELL,九阳股份,3074.19767,2014-07-01 15:00:00,5533.555806
2014-07-01 15:00:00,7860.160000000001,15972912356929,9.68,1015000.0,600060.XSHG,15972912439695,OPEN,BUY,海信视像,0.0,2014-07-01 15:00:00,7860.160000000001
2014-08-01 15:00:00,2739.0192,15972912356930,9.06,377900.0,000921.XSHE,15972912439696,CLOSE,SELL,海信家电,3423.774,2014-08-01 15:00:00,6162.7932
2014-08-01 15:00:00,8152.4800000000005,15972912356931,10.04,1015000.0,600060.XSHG,15972912439697,CLOSE,SELL,海信视像,10190.6,2014-08-01 15:00:00,18343.08
2014-08-01 15:00:00,3062.1879999999996,15972912356932,11.45,334300.0,000418.XSHE,15972912439701,OPEN,BUY,小天鹅A,0.0,2014-08-01 15:00:00,3062.1879999999996
2014-08-01 15:00:00,750.2848000000001,15972912356933,10.88,86200.0,002035.XSHE,15972912439704,OPEN,BUY,华帝股份,0.0,2014-08-01 15:00:00,750.2848000000001
2014-08-01 15:00:00,3456.3056,15972912356934,9.46,456700.0,002242.XSHE,15972912439709,OPEN,BUY,九阳股份,0.0,2014-08-01 15:00:00,3456.3056
2014-08-01 15:00:00,3302.4487999999997,15972912356935,16.31,253100.0,600690.XSHG,15972912439713,OPEN,BUY,海尔智家,0.0,2014-08-01 15:00:00,3302.4487999999997
2014-09-01 15:00:00,6172.964096000001,15972912356936,11.68,660634.0,000418.XSHE,15972912439714,CLOSE,SELL,小天鹅A,7716.2051200000005,2014-09-01 15:00:00,13889.169216000002
2014-09-01 15:00:00,850.44,15972912356937,11.19,95000.0,002035.XSHE,15972912439717,OPEN,BUY,华帝股份,0.0,2014-09-01 15:00:00,850.44
2014-09-01 15:00:00,1086.592,15972912356938,10.4,130600.0,002242.XSHE,15972912439720,OPEN,BUY,九阳股份,0.0,2014-09-01 15:00:00,1086.592
2014-09-01 15:00:00,4220.3784000000005,15972912356939,16.03,329100.0,600690.XSHG,15972912439725,OPEN,BUY,海尔智家,0.0,2014-09-01 15:00:00,4220.3784000000005
2014-10-08 15:00:00,18232.230744,15972912356940,11.43,1993901.0,002242.XSHE,15972912439726,CLOSE,SELL,九阳股份,22790.28843,2014-10-08 15:00:00,41022.519174
2014-10-08 15:00:00,2619.5752,15972912356941,11.99,273100.0,000418.XSHE,15972912439730,OPEN,BUY,小天鹅A,0.0,2014-10-08 15:00:00,2619.5752
2014-10-08 15:00:00,1049.9784,15972912356942,12.03,109100.0,002035.XSHE,15972912439733,OPEN,BUY,华帝股份,0.0,2014-10-08 15:00:00,1049.9784
2014-10-08 15:00:00,1383.2896,15972912356943,16.04,107800.0,600690.XSHG,15972912439736,OPEN,BUY,海尔智家,0.0,2014-10-08 15:00:00,1383.2896
2014-10-08 15:00:00,13102.528,15972912356944,10.1,1621600.0,600870.XSHG,15972912439751,OPEN,BUY,ST厦华,0.0,2014-10-08 15:00:00,13102.528
2014-11-03 15:00:00,13219.2832,15972912356945,10.19,1621600.0,600870.XSHG,15972912439752,CLOSE,SELL,ST厦华,16524.104,2014-11-03 15:00:00,29743.387199999997
2014-11-03 15:00:00,466.807656,15972912356946,12.53,46569.0,000418.XSHE,15972912439753,CLOSE,SELL,小天鹅A,583.5095699999999,2014-11-03 15:00:00,1050.317226
2014-11-03 15:00:00,4567.099264,15972912356947,13.52,422254.0,002035.XSHE,15972912439754,CLOSE,SELL,华帝股份,5708.8740800000005,2014-11-03 15:00:00,10275.973344000002
2014-11-03 15:00:00,1507.6367040000002,15972912356948,16.66,113118.0,600690.XSHG,15972912439755,CLOSE,SELL,海尔智家,1884.5458800000001,2014-11-03 15:00:00,3392.182584
2014-11-03 15:00:00,19697.4176,15972912356949,11.06,2226200.0,002242.XSHE,15972912439775,OPEN,BUY,九阳股份,0.0,2014-11-03 15:00:00,19697.4176
2014-12-01 15:00:00,1507.4628480000001,15972912356950,17.52,107553.0,600690.XSHG,15972912439776,CLOSE,SELL,海尔智家,1884.3285600000002,2014-12-01 15:00:00,3391.791408
2014-12-01 15:00:00,1177.7616,15972912356951,12.33,119400.0,000418.XSHE,15972912439779,OPEN,BUY,小天鹅A,0.0,2014-12-01 15:00:00,1177.7616
2014-12-01 15:00:00,201.5496,15972912356952,13.33,18900.0,002035.XSHE,15972912439781,OPEN,BUY,华帝股份,0.0,2014-12-01 15:00:00,201.5496
2014-12-01 15:00:00,102.80879999999999,15972912356953,11.79,10900.0,002242.XSHE,15972912439783,OPEN,BUY,九阳股份,0.0,2014-12-01 15:00:00,102.80879999999999
2015-01-05 15:00:00,6767.914864,15972912356954,14.03,602986.0,000418.XSHE,15972912439784,CLOSE,SELL,小天鹅A,8459.89358,2015-01-05 15:00:00,15227.808444
2015-01-05 15:00:00,381.432128,15972912356955,13.09,36424.0,002035.XSHE,15972912439785,CLOSE,SELL,华帝股份,476.79015999999996,2015-01-05 15:00:00,858.2222879999999
2015-01-05 15:00:00,738.56,15972912356956,11.54,80000.0,002242.XSHE,15972912439787,OPEN,BUY,九阳股份,0.0,2015-01-05 15:00:00,738.56
2015-01-05 15:00:00,6366.4151999999995,15972912356957,19.99,398100.0,600690.XSHG,15972912439792,OPEN,BUY,海尔智家,0.0,2015-01-05 15:00:00,6366.4151999999995
2015-02-02 15:00:00,2071.691664,15972912356958,16.14,160447.0,000418.XSHE,15972912439793,CLOSE,SELL,小天鹅A,2589.61458,2015-02-02 15:00:00,4661.306243999999
2015-02-02 15:00:00,1043.68896,15972912356959,14.01,93120.0,002035.XSHE,15972912439794,CLOSE,SELL,华帝股份,1304.6112,2015-02-02 15:00:00,2348.30016
2015-02-02 15:00:00,317.414784,15972912356960,19.68,20161.0,600690.XSHG,15972912439795,CLOSE,SELL,海尔智家,396.76848,2015-02-02 15:00:00,714.183264
2015-02-02 15:00:00,3400.7424,15972912356961,11.64,365200.0,002242.XSHE,15972912439800,OPEN,BUY,九阳股份,0.0,2015-02-02 15:00:00,3400.7424
2015-03-02 15:00:00,2508.321816,15972912356962,12.87,243621.0,002242.XSHE,15972912439801,CLOSE,SELL,九阳股份,3135.40227,2015-03-02 15:00:00,5643.724086
2015-03-02 15:00:00,554.5964319999999,15972912356963,20.54,33751.0,600690.XSHG,15972912439802,CLOSE,SELL,海尔智家,693.2455399999999,2015-03-02 15:00:00,1247.8419719999997
2015-03-02 15:00:00,1238.3280000000002,15972912356964,17.01,91000.0,000418.XSHE,15972912439805,OPEN,BUY,小天鹅A,0.0,2015-03-02 15:00:00,1238.3280000000002
2015-03-02 15:00:00,1783.3816000000002,15972912356965,14.41,154700.0,002035.XSHE,15972912439808,OPEN,BUY,华帝股份,0.0,2015-03-02 15:00:00,1783.3816000000002
2015-04-01 15:00:00,13010.0,15972912356966,26.02,625000.0,600690.XSHG,15972912439809,CLOSE,SELL,海尔智家,16262.5,2015-04-01 15:00:00,29272.5
2015-04-01 15:00:00,5376.4448,15972912356967,19.06,352600.0,000418.XSHE,15972912439814,OPEN,BUY,小天鹅A,0.0,2015-04-01 15:00:00,5376.4448
2015-04-01 15:00:00,5312.8872,15972912356968,15.09,440100.0,002035.XSHE,15972912439819,OPEN,BUY,华帝股份,0.0,2015-04-01 15:00:00,5312.8872
2015-05-04 15:00:00,13714.196720000002,15972912356969,22.3,768733.0,000418.XSHE,15972912439823,CLOSE,SELL,小天鹅A,17142.7459,2015-05-04 15:00:00,30856.94262
2015-05-04 15:00:00,12149.672800000002,15972912356970,16.6,914885.0,002035.XSHE,15972912439824,CLOSE,SELL,华帝股份,15187.091000000002,2015-05-04 15:00:00,27336.763800000004
2015-05-04 15:00:00,10013.473896,15972912356971,16.41,762757.0,002242.XSHE,15972912439825,CLOSE,SELL,九阳股份,12516.84237,2015-05-04 15:00:00,22530.316266
2015-05-04 15:00:00,16929.153024,15972912356972,26.88,787256.0,600690.XSHG,15972912439826,CLOSE,SELL,海尔智家,21161.44128,2015-05-04 15:00:00,38090.594304
2015-05-04 15:00:00,54886.36,15972912356973,56.5,1214300.0,000651.XSHE,15972912439837,OPEN,BUY,格力电器,0.0,2015-05-04 15:00:00,54886.36
2015-06-01 15:00:00,2914.96856,15972912356974,65.05,56014.0,000651.XSHE,15972912439838,CLOSE,SELL,格力电器,3643.7106999999996,2015-06-01 15:00:00,6558.679259999999
2015-06-01 15:00:00,466.5672,15972912356975,21.5,27126.0,002035.XSHE,15972912439839,CLOSE,SELL,华帝股份,583.2090000000001,2015-06-01 15:00:00,1049.7762
2015-06-01 15:00:00,1364.5952,15972912356976,23.56,72400.0,000418.XSHE,15972912439841,OPEN,BUY,小天鹅A,0.0,2015-06-01 15:00:00,1364.5952
2015-06-01 15:00:00,909.32,15972912356977,17.9,63500.0,002242.XSHE,15972912439844,OPEN,BUY,九阳股份,0.0,2015-06-01 15:00:00,909.32
2015-06-01 15:00:00,901.5312,15972912356978,30.79,36600.0,600690.XSHG,15972912439846,OPEN,BUY,海尔智家,0.0,2015-06-01 15:00:00,901.5312
2015-07-01 15:00:00,4671.649600000001,15972912356979,23.5,248492.0,000418.XSHE,15972912439848,CLOSE,SELL,小天鹅A,5839.562,2015-07-01 15:00:00,10511.2116
2015-07-01 15:00:00,3783.3063120000006,15972912356980,60.81,77769.0,000651.XSHE,15972912439849,CLOSE,SELL,格力电器,4729.132890000001,2015-07-01 15:00:00,8512.439202000001
2015-07-01 15:00:00,4907.48188,15972912356981,28.31,216685.0,600690.XSHG,15972912439850,CLOSE,SELL,海尔智家,6134.35235,2015-07-01 15:00:00,11041.83423
2015-07-01 15:00:00,15743.744,15972912356982,35.6,552800.0,000333.XSHE,15972912439857,OPEN,BUY,美的集团,0.0,2015-07-01 15:00:00,15743.744
2015-07-01 15:00:00,5.0,15972912356983,15.2,100.0,002035.XSHE,15972912439859,OPEN,BUY,华帝股份,0.0,2015-07-01 15:00:00,5.0
2015-08-03 15:00:00,22884.591744,15972912356984,11.34,2522552.0,600690.XSHG,15972912439860,CLOSE,SELL,海尔智家,28605.73968,2015-08-03 15:00:00,51490.331424
2015-08-03 15:00:00,39918.620048000004,15972912356985,23.09,2161034.0,000651.XSHE,15972912439861,CLOSE,SELL,格力电器,49898.27506,2015-08-03 15:00:00,89816.895108
2015-08-03 15:00:00,15036.16,15972912356986,34.0,552800.0,000333.XSHE,15972912439862,CLOSE,SELL,美的集团,18795.2,2015-08-03 15:00:00,33831.36
2015-08-03 15:00:00,27679.688000000002,15972912356987,22.9,1510900.0,000418.XSHE,15972912439876,OPEN,BUY,小天鹅A,0.0,2015-08-03 15:00:00,27679.688000000002
2015-08-03 15:00:00,22883.5744,15972912356988,15.22,1879400.0,000810.XSHE,15972912439898,OPEN,BUY,创维数字,0.0,2015-08-03 15:00:00,22883.5744
2015-08-03 15:00:00,11944.656,15972912356989,13.08,1141500.0,002035.XSHE,15972912439916,OPEN,BUY,华帝股份,0.0,2015-08-03 15:00:00,11944.656
2015-08-03 15:00:00,779.788,15972912356990,25.45,38300.0,002242.XSHE,15972912439918,OPEN,BUY,九阳股份,0.0,2015-08-03 15:00:00,779.788
2015-09-01 15:00:00,15188.444160000001,15972912356991,19.2,988831.0,000418.XSHE,15972912439920,CLOSE,SELL,小天鹅A,18985.5552,2015-09-01 15:00:00,34173.99936
2015-09-01 15:00:00,32586.2936,15972912356992,18.19,2239300.0,000651.XSHE,15972912439941,OPEN,BUY,格力电器,0.0,2015-09-01 15:00:00,32586.2936
2015-10-08 15:00:00,18057.2752,15972912356993,12.01,1879400.0,000810.XSHE,15972912439942,CLOSE,SELL,创维数字,22571.594,2015-10-08 15:00:00,40628.8692
2015-10-08 15:00:00,1490.5814400000002,15972912356994,13.22,140940.0,002035.XSHE,15972912439943,CLOSE,SELL,华帝股份,1863.2268000000001,2015-10-08 15:00:00,3353.8082400000003
2015-10-08 15:00:00,13886.651320000003,15972912356995,21.05,824623.0,002242.XSHE,15972912439944,CLOSE,SELL,九阳股份,17358.314150000002,2015-10-08 15:00:00,31244.965470000003
2015-10-08 15:00:00,1937.98,15972912356996,19.15,126500.0,000418.XSHE,15972912439947,OPEN,BUY,小天鹅A,0.0,2015-10-08 15:00:00,1937.98
2015-10-08 15:00:00,30936.232799999994,15972912356997,16.83,2297700.0,000651.XSHE,15972912439967,OPEN,BUY,格力电器,0.0,2015-10-08 15:00:00,30936.232799999994
2015-11-02 15:00:00,12020.8896,15972912356998,13.73,1094400.0,002035.XSHE,15972912439968,CLOSE,SELL,华帝股份,15026.112000000001,2015-11-02 15:00:00,27047.001600000003
2015-11-02 15:00:00,5150.774808,15972912356999,20.73,310587.0,000418.XSHE,15972912439969,CLOSE,SELL,小天鹅A,6438.46851,2015-11-02 15:00:00,11589.243318
2015-11-02 15:00:00,15475.840128000002,15972912357000,17.64,1096644.0,000651.XSHE,15972912439970,CLOSE,SELL,格力电器,19344.80016,2015-11-02 15:00:00,34820.640288
2015-11-02 15:00:00,33034.32,15972912357001,28.38,1455000.0,000333.XSHE,15972912439984,OPEN,BUY,美的集团,0.0,2015-11-02 15:00:00,33034.32
2015-11-02 15:00:00,5.0,15972912357002,22.48,100.0,002242.XSHE,15972912439986,OPEN,BUY,九阳股份,0.0,2015-11-02 15:00:00,5.0
2015-12-01 15:00:00,3469.1688799999997,15972912357003,20.98,206695.0,000418.XSHE,15972912439987,CLOSE,SELL,小天鹅A,4336.4610999999995,2015-12-01 15:00:00,7805.62998
2015-12-01 15:00:00,7079.48832,15972912357004,19.09,463560.0,000651.XSHE,15972912439988,CLOSE,SELL,格力电器,8849.360400000001,2015-12-01 15:00:00,15928.848720000002
2015-12-01 15:00:00,1086.0348000000001,15972912357005,20.85,65110.0,002242.XSHE,15972912439989,CLOSE,SELL,九阳股份,1357.5435,2015-12-01 15:00:00,2443.5783
2015-12-01 15:00:00,8264.3968,15972912357006,27.83,371200.0,000333.XSHE,15972912439994,OPEN,BUY,美的集团,0.0,2015-12-01 15:00:00,8264.3968
2015-12-01 15:00:00,2800.6128000000003,15972912357007,16.14,216900.0,002035.XSHE,15972912439998,OPEN,BUY,华帝股份,0.0,2015-12-01 15:00:00,2800.6128000000003
2016-01-04 15:00:00,1324.4615760000002,15972912357008,24.51,67547.0,000418.XSHE,15972912440000,CLOSE,SELL,小天鹅A,1655.5769700000003,2016-01-04 15:00:00,2980.0385460000007
2016-01-04 15:00:00,1359.4660800000001,15972912357009,16.26,104510.0,002035.XSHE,15972912440001,CLOSE,SELL,华帝股份,1699.3326000000002,2016-01-04 15:00:00,3058.7986800000003
2016-01-04 15:00:00,3214.5152000000003,15972912357010,29.72,135200.0,000333.XSHE,15972912440005,OPEN,BUY,美的集团,0.0,2016-01-04 15:00:00,3214.5152000000003
2016-01-04 15:00:00,5.0,15972912357011,20.26,100.0,000651.XSHE,15972912440007,OPEN,BUY,格力电器,0.0,2016-01-04 15:00:00,5.0
2016-02-01 15:00:00,3531.7602,15972912357012,27.35,161415.0,000333.XSHE,15972912440008,CLOSE,SELL,美的集团,4414.70025,2016-02-01 15:00:00,7946.4604500000005
2016-02-01 15:00:00,2321.9476640000003,15972912357013,20.69,140282.0,000418.XSHE,15972912440009,CLOSE,SELL,小天鹅A,2902.43458,2016-02-01 15:00:00,5224.382244
2016-02-01 15:00:00,2003.3216,15972912357014,18.44,135800.0,000651.XSHE,15972912440012,OPEN,BUY,格力电器,0.0,2016-02-01 15:00:00,2003.3216
2016-02-01 15:00:00,1234.3296,15972912357015,13.44,114800.0,002035.XSHE,15972912440015,OPEN,BUY,华帝股份,0.0,2016-02-01 15:00:00,1234.3296
2016-02-01 15:00:00,2098.4768,15972912357016,15.11,173600.0,002242.XSHE,15972912440018,OPEN,BUY,九阳股份,0.0,2016-02-01 15:00:00,2098.4768
2016-03-01 15:00:00,502.5344,15972912357017,26.96,23300.0,000333.XSHE,15972912440021,OPEN,BUY,美的集团,0.0,2016-03-01 15:00:00,502.5344
2016-04-01 15:00:00,2861.5051200000003,15972912357018,18.3,195458.0,002035.XSHE,15972912440023,CLOSE,SELL,华帝股份,3576.8813999999998,2016-04-01 15:00:00,6438.38652
2016-04-01 15:00:00,2853.4352000000003,15972912357019,30.59,116600.0,000333.XSHE,15972912440026,OPEN,BUY,美的集团,0.0,2016-04-01 15:00:00,2853.4352000000003
2016-04-01 15:00:00,5.0,15972912357020,8.27,100.0,000404.XSHE,15972912440028,OPEN,BUY,长虹华意,0.0,2016-04-01 15:00:00,5.0
2016-05-03 15:00:00,25781.466168000003,15972912357021,23.37,1378983.0,002035.XSHE,15972912440029,CLOSE,SELL,华帝股份,32226.832710000002,2016-05-03 15:00:00,58008.298878
2016-05-03 15:00:00,16032.038400000003,15972912357022,33.84,592200.0,000333.XSHE,15972912440037,OPEN,BUY,美的集团,0.0,2016-05-03 15:00:00,16032.038400000003
2016-05-03 15:00:00,9682.2752,15972912357023,8.84,1369100.0,000404.XSHE,15972912440050,OPEN,BUY,长虹华意,0.0,2016-05-03 15:00:00,9682.2752
2016-06-01 15:00:00,69460.146576,15972912357024,22.86,3798127.0,000333.XSHE,15972912440052,CLOSE,SELL,美的集团,86825.18322,2016-06-01 15:00:00,156285.329796
2016-06-01 15:00:00,57555.344000000005,15972912357025,3.41,21098000.0,000100.XSHE,15972912440233,OPEN,BUY,TCL科技,0.0,2016-06-01 15:00:00,57555.344000000005
2016-06-01 15:00:00,15150.1064,15972912357026,7.93,2388100.0,000404.XSHE,15972912440254,OPEN,BUY,长虹华意,0.0,2016-06-01 15:00:00,15150.1064
2016-07-01 15:00:00,25233.9584,15972912357027,3.28,9616600.0,000100.XSHE,15972912440256,CLOSE,SELL,TCL科技,31542.447999999997,2016-07-01 15:00:00,56776.40639999999
2016-07-01 15:00:00,25407.289599999996,15972912357028,24.08,1318900.0,000333.XSHE,15972912440269,OPEN,BUY,美的集团,0.0,2016-07-01 15:00:00,25407.289599999996
2016-07-01 15:00:00,5.0,15972912357029,9.52,200.0,000404.XSHE,15972912440271,OPEN,BUY,长虹华意,0.0,2016-07-01 15:00:00,5.0
2016-08-01 15:00:00,31504.961600000002,15972912357030,3.43,11481400.0,000100.XSHE,15972912440273,CLOSE,SELL,TCL科技,39381.202,2016-08-01 15:00:00,70886.1636
2016-08-01 15:00:00,35155.264,15972912357031,27.76,1583000.0,000333.XSHE,15972912440287,OPEN,BUY,美的集团,0.0,2016-08-01 15:00:00,35155.264
2016-09-01 15:00:00,18058.1024,15972912357032,10.06,2243800.0,000404.XSHE,15972912440289,CLOSE,SELL,长虹华意,22572.628,2016-09-01 15:00:00,40630.7304
2016-09-01 15:00:00,6190.6392000000005,15972912357033,27.47,281700.0,000333.XSHE,15972912440293,OPEN,BUY,美的集团,0.0,2016-09-01 15:00:00,6190.6392000000005
2016-09-01 15:00:00,3033.0440000000003,15972912357034,36.35,104300.0,000418.XSHE,15972912440296,OPEN,BUY,小天鹅A,0.0,2016-09-01 15:00:00,3033.0440000000003
2016-09-01 15:00:00,8677.032000000001,15972912357035,20.3,534300.0,002242.XSHE,15972912440302,OPEN,BUY,九阳股份,0.0,2016-09-01 15:00:00,8677.032000000001
2016-09-01 15:00:00,109.9072,15972912357036,13.21,10400.0,300160.XSHE,15972912440305,OPEN,BUY,秀强股份,0.0,2016-09-01 15:00:00,109.9072
2016-10-10 15:00:00,55057.366848000005,15972912357037,22.11,3112696.0,000651.XSHE,15972912440306,CLOSE,SELL,格力电器,68821.70856,2016-10-10 15:00:00,123879.075408
2016-10-10 15:00:00,14955.356000000002,15972912357038,12.35,1513700.0,000404.XSHE,15972912440307,CLOSE,SELL,长虹华意,18694.195,2016-10-10 15:00:00,33649.551
2016-10-10 15:00:00,6804.336,15972912357039,26.95,315600.0,000333.XSHE,15972912440312,OPEN,BUY,美的集团,0.0,2016-10-10 15:00:00,6804.336
2016-10-10 15:00:00,2474.8559999999998,15972912357040,33.3,92900.0,000418.XSHE,15972912440314,OPEN,BUY,小天鹅A,0.0,2016-10-10 15:00:00,2474.8559999999998
2016-10-10 15:00:00,5149.536,15972912357041,20.37,316000.0,002242.XSHE,15972912440319,OPEN,BUY,九阳股份,0.0,2016-10-10 15:00:00,5149.536
2016-10-10 15:00:00,14718.720000000001,15972912357042,12.0,1533200.0,300160.XSHE,15972912440338,OPEN,BUY,秀强股份,0.0,2016-10-10 15:00:00,14718.720000000001
2016-10-10 15:00:00,34417.7664,15972912357043,16.89,2547200.0,600060.XSHG,15972912440360,OPEN,BUY,海信视像,0.0,2016-10-10 15:00:00,34417.7664
2016-11-01 15:00:00,2014.924552,15972912357044,27.77,90697.0,000333.XSHE,15972912440361,CLOSE,SELL,美的集团,2518.65569,2016-11-01 15:00:00,4533.580242
2016-11-01 15:00:00,752.168,15972912357045,33.4,28150.0,000418.XSHE,15972912440362,CLOSE,SELL,小天鹅A,940.21,2016-11-01 15:00:00,1692.3780000000002
2016-11-01 15:00:00,125.24992000000003,15972912357046,17.12,9145.0,600060.XSHG,15972912440363,CLOSE,SELL,海信视像,156.56240000000003,2016-11-01 15:00:00,281.81232000000006
2016-11-01 15:00:00,2345.2688000000003,15972912357047,19.57,149800.0,002242.XSHE,15972912440366,OPEN,BUY,九阳股份,0.0,2016-11-01 15:00:00,2345.2688000000003
2016-11-01 15:00:00,5989.747200000001,15972912357048,12.08,619800.0,300160.XSHE,15972912440373,OPEN,BUY,秀强股份,0.0,2016-11-01 15:00:00,5989.747200000001
2016-12-01 15:00:00,2459.362,15972912357049,30.85,99650.0,000333.XSHE,15972912440374,CLOSE,SELL,美的集团,3074.2025,2016-12-01 15:00:00,5533.5645
2016-12-01 15:00:00,3331.951824,15972912357050,13.38,311281.0,300160.XSHE,15972912440375,CLOSE,SELL,秀强股份,4164.939780000001,2016-12-01 15:00:00,7496.891604
2016-12-01 15:00:00,1853.0248000000001,15972912357051,35.69,64900.0,000418.XSHE,15972912440377,OPEN,BUY,小天鹅A,0.0,2016-12-01 15:00:00,1853.0248000000001
2016-12-01 15:00:00,2601.6,15972912357052,20.0,162600.0,002242.XSHE,15972912440381,OPEN,BUY,九阳股份,0.0,2016-12-01 15:00:00,2601.6
2016-12-01 15:00:00,1249.4832000000001,15972912357053,18.14,86100.0,600060.XSHG,15972912440383,OPEN,BUY,海信视像,0.0,2016-12-01 15:00:00,1249.4832000000001
2017-01-03 15:00:00,27313.6048,15972912357054,17.26,1978100.0,600060.XSHG,15972912440384,CLOSE,SELL,海信视像,34142.006,2017-01-03 15:00:00,61455.6108
2017-01-03 15:00:00,9021.539072,15972912357055,29.12,387257.0,000333.XSHE,15972912440385,CLOSE,SELL,美的集团,11276.92384,2017-01-03 15:00:00,20298.462912
2017-01-03 15:00:00,4206.502440000001,15972912357056,32.95,159579.0,000418.XSHE,15972912440386,CLOSE,SELL,小天鹅A,5258.128050000001,2017-01-03 15:00:00,9464.630490000003
2017-01-03 15:00:00,6101.0304320000005,15972912357057,18.28,417193.0,002242.XSHE,15972912440387,CLOSE,SELL,九阳股份,7626.28804,2017-01-03 15:00:00,13727.318472
2017-01-03 15:00:00,989.2652320000001,15972912357058,12.02,102877.0,300160.XSHE,15972912440388,CLOSE,SELL,秀强股份,1236.5815400000001,2017-01-03 15:00:00,2225.8467720000003
2017-01-03 15:00:00,48395.872,15972912357059,25.06,2414000.0,000651.XSHE,15972912440409,OPEN,BUY,格力电器,0.0,2017-01-03 15:00:00,48395.872
2017-02-03 15:00:00,8936.232759999999,15972912357060,17.29,646055.0,600060.XSHG,15972912440410,CLOSE,SELL,海信视像,11170.290949999999,2017-02-03 15:00:00,20106.523709999998
2017-02-03 15:00:00,864.87544,15972912357061,29.9,36157.0,000333.XSHE,15972912440411,CLOSE,SELL,美的集团,1081.0943,2017-02-03 15:00:00,1945.96974
2017-02-03 15:00:00,895.6024,15972912357062,34.1,32830.0,000418.XSHE,15972912440412,CLOSE,SELL,小天鹅A,1119.503,2017-02-03 15:00:00,2015.1054
2017-02-03 15:00:00,1904.137216,15972912357063,11.84,201028.0,300160.XSHE,15972912440413,CLOSE,SELL,秀强股份,2380.17152,2017-02-03 15:00:00,4284.308736
2017-02-03 15:00:00,10385.5256,15972912357064,25.39,511300.0,000651.XSHE,15972912440419,OPEN,BUY,格力电器,0.0,2017-02-03 15:00:00,10385.5256
2017-02-03 15:00:00,1348.6960000000001,15972912357065,18.05,93400.0,002242.XSHE,15972912440421,OPEN,BUY,九阳股份,0.0,2017-02-03 15:00:00,1348.6960000000001
2017-03-01 15:00:00,1449.882792,15972912357066,32.03,56583.0,000333.XSHE,15972912440422,CLOSE,SELL,美的集团,1812.35349,2017-03-01 15:00:00,3262.236282
2017-03-01 15:00:00,907.682,15972912357067,36.5,31085.0,000418.XSHE,15972912440423,CLOSE,SELL,小天鹅A,1134.6025,2017-03-01 15:00:00,2042.2845
2017-03-01 15:00:00,826.387408,15972912357068,13.09,78914.0,300160.XSHE,15972912440424,CLOSE,SELL,秀强股份,1032.98426,2017-03-01 15:00:00,1859.371668
2017-03-01 15:00:00,213.08960000000002,15972912357069,27.46,9700.0,000651.XSHE,15972912440426,OPEN,BUY,格力电器,0.0,2017-03-01 15:00:00,213.08960000000002
2017-03-01 15:00:00,2895.5712000000003,15972912357070,18.17,199200.0,002242.XSHE,15972912440429,OPEN,BUY,九阳股份,0.0,2017-03-01 15:00:00,2895.5712000000003
2017-04-05 15:00:00,3712.4753599999995,15972912357071,41.8,111019.0,000418.XSHE,15972912440430,CLOSE,SELL,小天鹅A,4640.5942,2017-04-05 15:00:00,8353.06956
2017-04-05 15:00:00,364.00478400000003,15972912357072,31.46,14463.0,000651.XSHE,15972912440431,CLOSE,SELL,格力电器,455.00598,2017-04-05 15:00:00,819.0107640000001
2017-04-05 15:00:00,1370.0831999999998,15972912357073,33.19,51600.0,000333.XSHE,15972912440433,OPEN,BUY,美的集团,0.0,2017-04-05 15:00:00,1370.0831999999998
2017-04-05 15:00:00,827.0336,15972912357074,18.56,55700.0,002242.XSHE,15972912440436,OPEN,BUY,九阳股份,0.0,2017-04-05 15:00:00,827.0336
2017-04-05 15:00:00,1791.8976,15972912357075,12.28,182400.0,300160.XSHE,15972912440439,OPEN,BUY,秀强股份,0.0,2017-04-05 15:00:00,1791.8976
2017-05-02 15:00:00,1161.0760320000002,15972912357076,34.92,41562.0,000333.XSHE,15972912440440,CLOSE,SELL,美的集团,1451.3450400000002,2017-05-02 15:00:00,2612.421072
2017-05-02 15:00:00,2414.465888,15972912357077,46.36,65101.0,000418.XSHE,15972912440441,CLOSE,SELL,小天鹅A,3018.08236,2017-05-02 15:00:00,5432.548248
2017-05-02 15:00:00,1833.6502080000002,15972912357078,18.98,120762.0,002242.XSHE,15972912440442,CLOSE,SELL,九阳股份,2292.0627600000003,2017-05-02 15:00:00,4125.712968000001
2017-05-02 15:00:00,1622.124,15972912357079,32.97,61500.0,000651.XSHE,15972912440444,OPEN,BUY,格力电器,0.0,2017-05-02 15:00:00,1622.124
2017-05-02 15:00:00,3742.0032,15972912357080,9.37,499200.0,300160.XSHE,15972912440450,OPEN,BUY,秀强股份,0.0,2017-05-02 15:00:00,3742.0032
2017-06-01 15:00:00,1467.2708,15972912357081,36.5,50249.0,000333.XSHE,15972912440451,CLOSE,SELL,美的集团,1834.0885,2017-06-01 15:00:00,3301.3593
2017-06-01 15:00:00,1399.1428799999999,15972912357082,47.16,37085.0,000418.XSHE,15972912440452,CLOSE,SELL,小天鹅A,1748.9286,2017-06-01 15:00:00,3148.0714799999996
2017-06-01 15:00:00,1193.6362239999999,15972912357083,18.31,81488.0,002242.XSHE,15972912440453,CLOSE,SELL,九阳股份,1492.0452799999998,2017-06-01 15:00:00,2685.6815039999997
2017-06-01 15:00:00,2106.1400000000003,15972912357084,33.97,77500.0,000651.XSHE,15972912440456,OPEN,BUY,格力电器,0.0,2017-06-01 15:00:00,2106.1400000000003
2017-06-01 15:00:00,4581.033600000001,15972912357085,8.58,667400.0,300160.XSHE,15972912440463,OPEN,BUY,秀强股份,0.0,2017-06-01 15:00:00,4581.033600000001
2017-07-03 15:00:00,2424.2496720000004,15972912357086,40.49,74841.0,000651.XSHE,15972912440464,CLOSE,SELL,格力电器,3030.3120900000004,2017-07-03 15:00:00,5454.561762000001
2017-07-03 15:00:00,4723.881576,15972912357087,19.41,304217.0,002242.XSHE,15972912440465,CLOSE,SELL,九阳股份,5904.85197,2017-07-03 15:00:00,10628.733546
2017-07-03 15:00:00,2554.8160000000003,15972912357088,41.8,76400.0,000333.XSHE,15972912440467,OPEN,BUY,美的集团,0.0,2017-07-03 15:00:00,2554.8160000000003
2017-07-03 15:00:00,3732.2560000000003,15972912357089,46.1,101200.0,000418.XSHE,15972912440470,OPEN,BUY,小天鹅A,0.0,2017-07-03 15:00:00,3732.2560000000003
2017-07-03 15:00:00,785.9104000000001,15972912357090,9.13,107600.0,300160.XSHE,15972912440473,OPEN,BUY,秀强股份,0.0,2017-07-03 15:00:00,785.9104000000001
2017-08-01 15:00:00,21113.294400000002,15972912357091,9.02,2925900.0,300160.XSHE,15972912440474,CLOSE,SELL,秀强股份,26391.618000000002,2017-08-01 15:00:00,47504.9124
2017-08-01 15:00:00,741.617712,15972912357092,41.19,22506.0,000333.XSHE,15972912440475,CLOSE,SELL,美的集团,927.0221399999999,2017-08-01 15:00:00,1668.6398519999998
2017-08-01 15:00:00,88.821824,15972912357093,39.26,2828.0,000651.XSHE,15972912440476,CLOSE,SELL,格力电器,111.02728,2017-08-01 15:00:00,199.849104
2017-08-01 15:00:00,2662.4320000000002,15972912357094,44.08,75500.0,000418.XSHE,15972912440479,OPEN,BUY,小天鹅A,0.0,2017-08-01 15:00:00,2662.4320000000002
2017-08-01 15:00:00,17452.5216,15972912357095,14.61,1493200.0,000921.XSHE,15972912440492,OPEN,BUY,海信家电,0.0,2017-08-01 15:00:00,17452.5216
2017-08-01 15:00:00,6070.6656,15972912357096,18.18,417400.0,002242.XSHE,15972912440498,OPEN,BUY,九阳股份,0.0,2017-08-01 15:00:00,6070.6656
2017-09-01 15:00:00,90911.19158400001,15972912357097,38.11,2981868.0,000651.XSHE,15972912440499,CLOSE,SELL,格力电器,113638.98948,2017-09-01 15:00:00,204550.181064
2017-09-01 15:00:00,26634.214400000004,15972912357098,40.84,815200.0,000333.XSHE,15972912440508,OPEN,BUY,美的集团,0.0,2017-09-01 15:00:00,26634.214400000004
2017-09-01 15:00:00,15813.336000000001,15972912357099,45.15,437800.0,000418.XSHE,15972912440514,OPEN,BUY,小天鹅A,0.0,2017-09-01 15:00:00,15813.336000000001
2017-09-01 15:00:00,10086.656,15972912357100,13.12,961000.0,000921.XSHE,15972912440524,OPEN,BUY,海信家电,0.0,2017-09-01 15:00:00,10086.656
2017-09-01 15:00:00,1870.68,15972912357101,19.65,119000.0,002242.XSHE,15972912440527,OPEN,BUY,九阳股份,0.0,2017-09-01 15:00:00,1870.68
2017-09-01 15:00:00,15072.6592,15972912357102,8.92,2112200.0,300160.XSHE,15972912440567,OPEN,BUY,秀强股份,0.0,2017-09-01 15:00:00,15072.6592
2017-10-09 15:00:00,9196.636056000001,15972912357103,46.47,247381.0,000333.XSHE,15972912440568,CLOSE,SELL,美的集团,11495.79507,2017-10-09 15:00:00,20692.431126000003
2017-10-09 15:00:00,1850.3264000000001,15972912357104,46.82,49400.0,000418.XSHE,15972912440570,OPEN,BUY,小天鹅A,0.0,2017-10-09 15:00:00,1850.3264000000001
2017-10-09 15:00:00,967.764,15972912357105,14.05,86100.0,000921.XSHE,15972912440573,OPEN,BUY,海信家电,0.0,2017-10-09 15:00:00,967.764
2017-10-09 15:00:00,3081.0368000000003,15972912357106,19.52,197300.0,002242.XSHE,15972912440576,OPEN,BUY,九阳股份,0.0,2017-10-09 15:00:00,3081.0368000000003
2017-10-09 15:00:00,11902.8312,15972912357107,8.73,1704300.0,300160.XSHE,15972912440606,OPEN,BUY,秀强股份,0.0,2017-10-09 15:00:00,11902.8312
2017-11-01 15:00:00,138078.574704,15972912357108,50.61,3410358.0,000333.XSHE,15972912440607,CLOSE,SELL,美的集团,172598.21838,2017-11-01 15:00:00,310676.793084
2017-11-01 15:00:00,206.208,15972912357109,57.28,4500.0,000418.XSHE,15972912440609,OPEN,BUY,小天鹅A,0.0,2017-11-01 15:00:00,206.208
2017-11-01 15:00:00,10811.999999999998,15972912357110,10.2,1325000.0,000533.XSHE,15972912440686,OPEN,BUY,顺钠股份,0.0,2017-11-01 15:00:00,10811.999999999998
2017-11-01 15:00:00,11513.752,15972912357111,15.7,916700.0,000921.XSHE,15972912440696,OPEN,BUY,海信家电,0.0,2017-11-01 15:00:00,11513.752
2017-11-01 15:00:00,15326.7584,15972912357112,18.17,1054400.0,002242.XSHE,15972912440712,OPEN,BUY,九阳股份,0.0,2017-11-01 15:00:00,15326.7584
2017-11-01 15:00:00,6110.209599999999,15972912357113,8.53,895400.0,300160.XSHE,15972912440757,OPEN,BUY,秀强股份,0.0,2017-11-01 15:00:00,6110.209599999999
2017-12-01 15:00:00,4174.604,15972912357114,56.05,93100.0,000418.XSHE,15972912440759,OPEN,BUY,小天鹅A,0.0,2017-12-01 15:00:00,4174.604
2017-12-01 15:00:00,1224.9247999999998,15972912357115,9.79,156400.0,000533.XSHE,15972912440813,OPEN,BUY,顺钠股份,0.0,2017-12-01 15:00:00,1224.9247999999998
2017-12-01 15:00:00,8490.0736,15972912357116,14.12,751600.0,000921.XSHE,15972912440821,OPEN,BUY,海信家电,0.0,2017-12-01 15:00:00,8490.0736
2017-12-01 15:00:00,8160.240000000001,15972912357117,18.15,562000.0,002242.XSHE,15972912440829,OPEN,BUY,九阳股份,0.0,2017-12-01 15:00:00,8160.240000000001
2017-12-01 15:00:00,6746.2776,15972912357118,7.53,1119900.0,300160.XSHE,15972912440874,OPEN,BUY,秀强股份,0.0,2017-12-01 15:00:00,6746.2776
2018-01-02 15:00:00,16650.108032000004,15972912357119,67.04,310451.0,000418.XSHE,15972912440875,CLOSE,SELL,小天鹅A,20812.635040000005,2018-01-02 15:00:00,37462.74307200001
2018-01-02 15:00:00,9776.8272,15972912357120,10.57,1156200.0,000533.XSHE,15972912440927,OPEN,BUY,顺钠股份,0.0,2018-01-02 15:00:00,9776.8272
2018-01-02 15:00:00,4102.3936,15972912357121,14.32,358100.0,000921.XSHE,15972912440932,OPEN,BUY,海信家电,0.0,2018-01-02 15:00:00,4102.3936
2018-01-02 15:00:00,10988.604800000001,15972912357122,17.23,797200.0,002242.XSHE,15972912440941,OPEN,BUY,九阳股份,0.0,2018-01-02 15:00:00,10988.604800000001
2018-01-02 15:00:00,10423.1568,15972912357123,7.98,1632700.0,300160.XSHE,15972912440979,OPEN,BUY,秀强股份,0.0,2018-01-02 15:00:00,10423.1568
2018-02-01 15:00:00,1155.11808,15972912357124,71.85,20096.0,000418.XSHE,15972912440981,CLOSE,SELL,小天鹅A,1443.8975999999998,2018-02-01 15:00:00,2599.0156799999995
2018-02-01 15:00:00,1100.899856,15972912357125,14.21,96842.0,000921.XSHE,15972912440982,CLOSE,SELL,海信家电,1376.12482,2018-02-01 15:00:00,2477.024676
2018-02-01 15:00:00,2765.78124,15972912357126,17.59,196545.0,002242.XSHE,15972912440983,CLOSE,SELL,九阳股份,3457.22655,2018-02-01 15:00:00,6223.00779
2018-02-01 15:00:00,5790.716,15972912357127,6.85,1056700.0,300160.XSHE,15972912441014,OPEN,BUY,秀强股份,0.0,2018-02-01 15:00:00,5790.716
2018-02-01 15:00:00,37236.211200000005,15972912357128,15.48,3006800.0,600060.XSHG,15972912441056,OPEN,BUY,海信视像,0.0,2018-02-01 15:00:00,37236.211200000005
2018-03-01 15:00:00,4407.317623999999,15972912357129,17.47,315349.0,002242.XSHE,15972912441058,CLOSE,SELL,九阳股份,5509.147029999999,2018-03-01 15:00:00,9916.464654
2018-03-01 15:00:00,616.0056000000001,15972912357130,69.37,11100.0,000418.XSHE,15972912441060,OPEN,BUY,小天鹅A,0.0,2018-03-01 15:00:00,616.0056000000001
2018-03-01 15:00:00,7207.544000000001,15972912357131,13.22,681500.0,000921.XSHE,15972912441067,OPEN,BUY,海信家电,0.0,2018-03-01 15:00:00,7207.544000000001
2018-03-01 15:00:00,6749.486400000001,15972912357132,6.17,1367400.0,300160.XSHE,15972912441080,OPEN,BUY,秀强股份,0.0,2018-03-01 15:00:00,6749.486400000001
2018-03-01 15:00:00,13749.436800000001,15972912357133,15.64,1098900.0,600060.XSHG,15972912441090,OPEN,BUY,海信视像,0.0,2018-03-01 15:00:00,13749.436800000001
2018-04-02 15:00:00,20383.3728,15972912357134,9.66,2637600.0,000533.XSHE,15972912441091,CLOSE,SELL,顺钠股份,25479.216,2018-04-02 15:00:00,45862.5888
2018-04-02 15:00:00,712.74936,15972912357135,17.9,49773.0,002242.XSHE,15972912441092,CLOSE,SELL,九阳股份,890.9367,2018-04-02 15:00:00,1603.68606
2018-04-02 15:00:00,5094.033600000001,15972912357136,6.69,951800.0,300160.XSHE,15972912441093,CLOSE,SELL,秀强股份,6367.542,2018-04-02 15:00:00,11461.5756
2018-04-02 15:00:00,7368.400000000001,15972912357137,65.0,141700.0,000418.XSHE,15972912441096,OPEN,BUY,小天鹅A,0.0,2018-04-02 15:00:00,7368.400000000001
2018-04-02 15:00:00,7951.080800000001,15972912357138,11.89,835900.0,000921.XSHE,15972912441105,OPEN,BUY,海信家电,0.0,2018-04-02 15:00:00,7951.080800000001
2018-04-02 15:00:00,10801.756800000001,15972912357139,15.87,850800.0,600060.XSHG,15972912441114,OPEN,BUY,海信视像,0.0,2018-04-02 15:00:00,10801.756800000001
2018-05-02 15:00:00,22496.979455999997,15972912357140,68.88,408264.0,000418.XSHE,15972912441115,CLOSE,SELL,小天鹅A,28121.224319999998,2018-05-02 15:00:00,50618.203775999995
2018-05-02 15:00:00,5307.87012,15972912357141,17.15,386871.0,002242.XSHE,15972912441116,CLOSE,SELL,九阳股份,6634.8376499999995,2018-05-02 15:00:00,11942.707769999999
2018-05-02 15:00:00,5451.3092400000005,15972912357142,12.85,530283.0,600060.XSHG,15972912441117,CLOSE,SELL,海信视像,6814.13655,2018-05-02 15:00:00,12265.445790000002
2018-05-02 15:00:00,16078.7,15972912357143,5.17,3887500.0,000533.XSHE,15972912441174,OPEN,BUY,顺钠股份,0.0,2018-05-02 15:00:00,16078.7
2018-05-02 15:00:00,259.9152,15972912357144,10.38,31300.0,000921.XSHE,15972912441176,OPEN,BUY,海信家电,0.0,2018-05-02 15:00:00,259.9152
2018-05-02 15:00:00,1979.5752,15972912357145,5.99,413100.0,300160.XSHE,15972912441184,OPEN,BUY,秀强股份,0.0,2018-05-02 15:00:00,1979.5752
2018-06-01 15:00:00,10332.6384,15972912357146,10.86,1189300.0,000921.XSHE,15972912441185,CLOSE,SELL,海信家电,12915.798,2018-06-01 15:00:00,23248.4364
2018-06-01 15:00:00,16082.496000000001,15972912357147,68.1,295200.0,000418.XSHE,15972912441189,OPEN,BUY,小天鹅A,0.0,2018-06-01 15:00:00,16082.496000000001
2018-06-01 15:00:00,11878.118400000001,15972912357148,4.22,3518400.0,000533.XSHE,15972912441219,OPEN,BUY,顺钠股份,0.0,2018-06-01 15:00:00,11878.118400000001
2018-07-02 15:00:00,14785.2864,15972912357149,9.72,1901400.0,000921.XSHE,15972912441220,CLOSE,SELL,海信家电,18481.608,2018-07-02 15:00:00,33266.894400000005
2018-07-02 15:00:00,5281.232,15972912357150,3.7,1784200.0,000533.XSHE,15972912441238,OPEN,BUY,顺钠股份,0.0,2018-07-02 15:00:00,5281.232
2018-07-02 15:00:00,9614.683200000001,15972912357151,17.34,693100.0,002242.XSHE,15972912441246,OPEN,BUY,九阳股份,0.0,2018-07-02 15:00:00,9614.683200000001
2018-07-02 15:00:00,5.0,15972912357152,4.1,200.0,300160.XSHE,15972912441248,OPEN,BUY,秀强股份,0.0,2018-07-02 15:00:00,5.0
2018-08-01 15:00:00,10817.683200000001,15972912357153,8.72,1550700.0,000921.XSHE,15972912441249,CLOSE,SELL,海信家电,13522.104000000003,2018-08-01 15:00:00,24339.787200000006
2018-08-01 15:00:00,322.07484,15972912357154,52.73,7635.0,000418.XSHE,15972912441250,CLOSE,SELL,小天鹅A,402.59355,2018-08-01 15:00:00,724.66839
2018-08-01 15:00:00,945.179136,15972912357155,4.64,254628.0,300160.XSHE,15972912441251,CLOSE,SELL,秀强股份,1181.47392,2018-08-01 15:00:00,2126.653056
2018-08-01 15:00:00,2514.5816,15972912357156,3.61,870700.0,000533.XSHE,15972912441260,OPEN,BUY,顺钠股份,0.0,2018-08-01 15:00:00,2514.5816
2018-08-01 15:00:00,5912.659199999999,15972912357157,17.22,429200.0,002242.XSHE,15972912441265,OPEN,BUY,九阳股份,0.0,2018-08-01 15:00:00,5912.659199999999
2018-08-01 15:00:00,5530.000800000001,15972912357158,11.03,626700.0,600060.XSHG,15972912441272,OPEN,BUY,海信视像,0.0,2018-08-01 15:00:00,5530.000800000001
2018-09-03 15:00:00,9287.553552,15972912357159,8.43,1377158.0,000921.XSHE,15972912441273,CLOSE,SELL,海信家电,11609.44194,2018-09-03 15:00:00,20896.995492000002
2018-09-03 15:00:00,5796.926352,15972912357160,17.01,425994.0,002242.XSHE,15972912441274,CLOSE,SELL,九阳股份,7246.157940000001,2018-09-03 15:00:00,13043.084292000001
2018-09-03 15:00:00,1594.8384,15972912357161,4.66,427800.0,300160.XSHE,15972912441275,CLOSE,SELL,秀强股份,1993.548,2018-09-03 15:00:00,3588.3864000000003
2018-09-03 15:00:00,1190.7240000000002,15972912357162,44.43,33500.0,000418.XSHE,15972912441278,OPEN,BUY,小天鹅A,0.0,2018-09-03 15:00:00,1190.7240000000002
2018-09-03 15:00:00,3760.9728,15972912357163,3.12,1506800.0,000533.XSHE,15972912441313,OPEN,BUY,顺钠股份,0.0,2018-09-03 15:00:00,3760.9728
2018-09-03 15:00:00,4743.2,15972912357164,10.0,592900.0,600060.XSHG,15972912441320,OPEN,BUY,海信视像,0.0,2018-09-03 15:00:00,4743.2
2018-10-08 15:00:00,3735.5976,15972912357165,3.29,1419300.0,000533.XSHE,15972912441336,OPEN,BUY,顺钠股份,0.0,2018-10-08 15:00:00,3735.5976
2018-10-08 15:00:00,4591.7376,15972912357166,9.84,583300.0,002035.XSHE,15972912441342,OPEN,BUY,华帝股份,0.0,2018-10-08 15:00:00,4591.7376
2018-11-01 15:00:00,2414.13284,15972912357167,44.45,67889.0,000418.XSHE,15972912441343,CLOSE,SELL,小天鹅A,3017.6660500000003,2018-11-01 15:00:00,5431.79889
2018-11-01 15:00:00,9813.668800000001,15972912357168,2.71,4526600.0,000533.XSHE,15972912441344,CLOSE,SELL,顺钠股份,12267.086000000001,2018-11-01 15:00:00,22080.754800000002
2018-11-01 15:00:00,3844.370112,15972912357169,14.32,335577.0,002242.XSHE,15972912441345,CLOSE,SELL,九阳股份,4805.46264,2018-11-01 15:00:00,8649.832752
2018-11-01 15:00:00,2759.9708640000003,15972912357170,3.66,942613.0,300160.XSHE,15972912441346,CLOSE,SELL,秀强股份,3449.96358,2018-11-01 15:00:00,6209.934444
2018-11-01 15:00:00,17408.9872,15972912357171,8.98,2423300.0,002035.XSHE,15972912441368,OPEN,BUY,华帝股份,0.0,2018-11-01 15:00:00,17408.9872
2018-11-01 15:00:00,1373.9424000000001,15972912357172,8.57,200400.0,600060.XSHG,15972912441372,OPEN,BUY,海信视像,0.0,2018-11-01 15:00:00,1373.9424000000001
2018-12-03 15:00:00,1617.3608,15972912357173,47.8,42295.0,000418.XSHE,15972912441373,CLOSE,SELL,小天鹅A,2021.7009999999998,2018-12-03 15:00:00,3639.0617999999995
2018-12-03 15:00:00,9860.519008000001,15972912357174,3.34,3690314.0,000533.XSHE,15972912441374,CLOSE,SELL,顺钠股份,12325.64876,2018-12-03 15:00:00,22186.167768
2018-12-03 15:00:00,1120.2982960000002,15972912357175,9.49,147563.0,600060.XSHG,15972912441375,CLOSE,SELL,海信视像,1400.3728700000001,2018-12-03 15:00:00,2520.671166
2018-12-03 15:00:00,3966.8704000000002,15972912357176,9.08,546100.0,002035.XSHE,15972912441381,OPEN,BUY,华帝股份,0.0,2018-12-03 15:00:00,3966.8704000000002
2018-12-03 15:00:00,3306.744,15972912357177,14.58,283500.0,002242.XSHE,15972912441385,OPEN,BUY,九阳股份,0.0,2018-12-03 15:00:00,3306.744
2018-12-03 15:00:00,3192.3928,15972912357178,3.79,1052900.0,300160.XSHE,15972912441398,OPEN,BUY,秀强股份,0.0,2018-12-03 15:00:00,3192.3928
2019-01-02 15:00:00,14615.185448,15972912357179,15.37,1188613.0,002242.XSHE,15972912441399,CLOSE,SELL,九阳股份,18268.981809999997,2019-01-02 15:00:00,32884.167258
2019-01-02 15:00:00,2199.192,15972912357180,42.62,64500.0,000418.XSHE,15972912441401,OPEN,BUY,小天鹅A,0.0,2019-01-02 15:00:00,2199.192
2019-01-02 15:00:00,1789.5168,15972912357181,8.63,259200.0,002035.XSHE,15972912441413,OPEN,BUY,华帝股份,0.0,2019-01-02 15:00:00,1789.5168
2019-01-02 15:00:00,1138.1216,15972912357182,3.41,417200.0,300160.XSHE,15972912441426,OPEN,BUY,秀强股份,0.0,2019-01-02 15:00:00,1138.1216
2019-01-02 15:00:00,6320.253600000001,15972912357183,8.31,950700.0,600060.XSHG,15972912441436,OPEN,BUY,海信视像,0.0,2019-01-02 15:00:00,6320.253600000001
2019-02-01 15:00:00,2214.02376,15972912357184,9.99,277030.0,002035.XSHE,15972912441437,CLOSE,SELL,华帝股份,2767.5297,2019-02-01 15:00:00,4981.55346
2019-02-01 15:00:00,314.2832,15972912357185,51.02,7700.0,000418.XSHE,15972912441439,OPEN,BUY,小天鹅A,0.0,2019-02-01 15:00:00,314.2832
2019-02-01 15:00:00,937.6640000000001,15972912357186,2.8,418600.0,000533.XSHE,15972912441444,OPEN,BUY,顺钠股份,0.0,2019-02-01 15:00:00,937.6640000000001
2019-02-01 15:00:00,2233.6576,15972912357187,16.84,165800.0,002242.XSHE,15972912441447,OPEN,BUY,九阳股份,0.0,2019-02-01 15:00:00,2233.6576
2019-02-01 15:00:00,2546.6832,15972912357188,3.34,953100.0,300160.XSHE,15972912441456,OPEN,BUY,秀强股份,0.0,2019-02-01 15:00:00,2546.6832
2019-02-01 15:00:00,522.1936000000001,15972912357189,8.39,77800.0,600060.XSHG,15972912441459,OPEN,BUY,海信视像,0.0,2019-02-01 15:00:00,522.1936000000001
2019-03-01 15:00:00,2437.931952,15972912357190,3.42,891057.0,000533.XSHE,15972912441460,CLOSE,SELL,顺钠股份,3047.41494,2019-03-01 15:00:00,5485.346892
2019-03-01 15:00:00,6154.819200000001,15972912357191,4.23,1818800.0,300160.XSHE,15972912441461,CLOSE,SELL,秀强股份,7693.524000000001,2019-03-01 15:00:00,13848.343200000003
2019-03-01 15:00:00,6204.96,15972912357192,55.8,139000.0,000418.XSHE,15972912441464,OPEN,BUY,小天鹅A,0.0,2019-03-01 15:00:00,6204.96
2019-03-01 15:00:00,3248.396,15972912357193,10.93,371500.0,002035.XSHE,15972912441469,OPEN,BUY,华帝股份,0.0,2019-03-01 15:00:00,3248.396
2019-04-01 15:00:00,2602.79412,15972912357194,15.43,210855.0,002035.XSHE,15972912441470,CLOSE,SELL,华帝股份,3253.49265,2019-04-01 15:00:00,5856.286770000001
2019-04-01 15:00:00,15975.558719999999,15972912357195,25.08,796230.0,002242.XSHE,15972912441471,CLOSE,SELL,九阳股份,19969.448399999997,2019-04-01 15:00:00,35945.007119999995
2019-04-01 15:00:00,3620.1877600000003,15972912357196,10.97,412510.0,600060.XSHG,15972912441472,CLOSE,SELL,海信视像,4525.2347,2019-04-01 15:00:00,8145.42246
2019-04-01 15:00:00,11646.336000000001,15972912357197,62.4,233300.0,000418.XSHE,15972912441476,OPEN,BUY,小天鹅A,0.0,2019-04-01 15:00:00,11646.336000000001
2019-04-01 15:00:00,8057.852000000001,15972912357198,3.67,2744500.0,000533.XSHE,15972912441500,OPEN,BUY,顺钠股份,0.0,2019-04-01 15:00:00,8057.852000000001
2019-04-01 15:00:00,1208.1792,15972912357199,4.38,344800.0,300160.XSHE,15972912441505,OPEN,BUY,秀强股份,0.0,2019-04-01 15:00:00,1208.1792
2019-05-06 15:00:00,40169.5968,15972912357200,8.79,5712400.0,600060.XSHG,15972912441506,CLOSE,SELL,海信视像,50211.99599999999,2019-05-06 15:00:00,90381.59279999998
2019-05-06 15:00:00,37575.99652000001,15972912357201,12.71,3695515.0,002035.XSHE,15972912441507,CLOSE,SELL,华帝股份,46969.995650000004,2019-05-06 15:00:00,84545.99217000001
2019-05-06 15:00:00,7177.812800000001,15972912357202,53.47,167800.0,000418.XSHE,15972912441511,OPEN,BUY,小天鹅A,0.0,2019-05-06 15:00:00,7177.812800000001
2019-05-06 15:00:00,6308.033600000001,15972912357203,3.19,2471800.0,000533.XSHE,15972912441533,OPEN,BUY,顺钠股份,0.0,2019-05-06 15:00:00,6308.033600000001
2019-05-06 15:00:00,28057.856,15972912357204,12.7,2761600.0,000921.XSHE,15972912441571,OPEN,BUY,海信家电,0.0,2019-05-06 15:00:00,28057.856
2019-05-06 15:00:00,10941.568000000001,15972912357205,20.9,654400.0,002242.XSHE,15972912441578,OPEN,BUY,九阳股份,0.0,2019-05-06 15:00:00,10941.568000000001
2019-05-06 15:00:00,10394.684000000001,15972912357206,3.55,3660100.0,300160.XSHE,15972912441625,OPEN,BUY,秀强股份,0.0,2019-05-06 15:00:00,10394.684000000001
2019-06-03 15:00:00,4342.032,15972912357207,2.76,1966500.0,000533.XSHE,15972912441644,OPEN,BUY,顺钠股份,0.0,2019-06-03 15:00:00,4342.032
2019-06-03 15:00:00,16325.4784,15972912357208,12.32,1656400.0,000921.XSHE,15972912441661,OPEN,BUY,海信家电,0.0,2019-06-03 15:00:00,16325.4784
2019-06-03 15:00:00,2046.0912,15972912357209,19.42,131700.0,002242.XSHE,15972912441664,OPEN,BUY,九阳股份,0.0,2019-06-03 15:00:00,2046.0912
2019-06-03 15:00:00,5.0,15972912357210,3.57,200.0,300160.XSHE,15972912441666,OPEN,BUY,秀强股份,0.0,2019-06-03 15:00:00,5.0
2019-07-01 15:00:00,85716.32187333603,15972912357212,54.09,1980872.6630000002,000333.XSHE,15972912441667,CLOSE,SELL,美的集团,107145.40234167002,2019-07-01 15:00:00,192861.72421500605
2019-07-01 15:00:00,2200.2960000000003,15972912357213,2.94,935500.0,000533.XSHE,15972912441676,OPEN,BUY,顺钠股份,0.0,2019-07-01 15:00:00,2200.2960000000003
2019-07-01 15:00:00,7102.368,15972912357214,13.55,655200.0,000921.XSHE,15972912441684,OPEN,BUY,海信家电,0.0,2019-07-01 15:00:00,7102.368
2019-07-01 15:00:00,5416.5968,15972912357215,21.82,310300.0,002242.XSHE,15972912441688,OPEN,BUY,九阳股份,0.0,2019-07-01 15:00:00,5416.5968
2019-07-01 15:00:00,5709.900000000001,15972912357216,3.75,1903300.0,300160.XSHE,15972912441705,OPEN,BUY,秀强股份,0.0,2019-07-01 15:00:00,5709.900000000001
2019-07-01 15:00:00,26141.324800000002,15972912357217,8.93,3659200.0,600060.XSHG,15972912441795,OPEN,BUY,海信视像,0.0,2019-07-01 15:00:00,26141.324800000002
2019-08-01 15:00:00,4508.18,15972912357218,2.65,2126500.0,000533.XSHE,15972912441796,CLOSE,SELL,顺钠股份,5635.225,2019-08-01 15:00:00,10143.405
2019-08-01 15:00:00,697.523296,15972912357219,11.29,77228.0,000921.XSHE,15972912441797,CLOSE,SELL,海信家电,871.9041199999999,2019-08-01 15:00:00,1569.427416
2019-08-01 15:00:00,7974.305856000001,15972912357220,20.88,477389.0,002242.XSHE,15972912441798,CLOSE,SELL,九阳股份,9967.88232,2019-08-01 15:00:00,17942.188176000003
2019-08-01 15:00:00,22985.136000000002,15972912357221,13.55,2120400.0,002677.XSHE,15972912441833,OPEN,BUY,浙江美大,0.0,2019-08-01 15:00:00,22985.136000000002
2019-08-01 15:00:00,363.88800000000003,15972912357222,3.61,126000.0,300160.XSHE,15972912441836,OPEN,BUY,秀强股份,0.0,2019-08-01 15:00:00,363.88800000000003
2019-08-01 15:00:00,11553.444000000001,15972912357223,8.55,1689100.0,600060.XSHG,15972912441888,OPEN,BUY,海信视像,0.0,2019-08-01 15:00:00,11553.444000000001
2019-09-02 15:00:00,13896.1136,15972912357224,7.79,2229800.0,600060.XSHG,15972912441889,CLOSE,SELL,海信视像,17370.142,2019-09-02 15:00:00,31266.2556
2019-09-02 15:00:00,6378.5232000000005,15972912357225,2.67,2986200.0,000533.XSHE,15972912441890,CLOSE,SELL,顺钠股份,7973.154,2019-09-02 15:00:00,14351.677200000002
2019-09-02 15:00:00,4293.6046400000005,15972912357226,11.8,454831.0,000921.XSHE,15972912441891,CLOSE,SELL,海信家电,5367.005800000001,2019-09-02 15:00:00,9660.61044
2019-09-02 15:00:00,26934.604000000003,15972912357227,4.45,7565900.0,000016.XSHE,15972912441988,OPEN,BUY,深康佳A,0.0,2019-09-02 15:00:00,26934.604000000003
2019-09-02 15:00:00,3832.0,15972912357228,23.95,200000.0,002242.XSHE,15972912441992,OPEN,BUY,九阳股份,0.0,2019-09-02 15:00:00,3832.0
2019-09-02 15:00:00,14333.8776,15972912357229,13.79,1299300.0,002677.XSHE,15972912442014,OPEN,BUY,浙江美大,0.0,2019-09-02 15:00:00,14333.8776
2019-09-02 15:00:00,4993.099200000001,15972912357230,3.54,1763100.0,300160.XSHE,15972912442051,OPEN,BUY,秀强股份,0.0,2019-09-02 15:00:00,4993.099200000001
2019-10-08 15:00:00,21315.368000000002,15972912357231,8.38,3179500.0,600060.XSHG,15972912442052,CLOSE,SELL,海信视像,26644.210000000003,2019-10-08 15:00:00,47959.57800000001
2019-10-08 15:00:00,2076.8744,15972912357232,2.51,1034300.0,000533.XSHE,15972912442053,CLOSE,SELL,顺钠股份,2596.093,2019-10-08 15:00:00,4672.9673999999995
2019-10-08 15:00:00,6608.134656,15972912357233,22.14,373088.0,002242.XSHE,15972912442054,CLOSE,SELL,九阳股份,8260.16832,2019-10-08 15:00:00,14868.302976
2019-10-08 15:00:00,6736.1328,15972912357234,4.22,1995300.0,000016.XSHE,15972912442100,OPEN,BUY,深康佳A,0.0,2019-10-08 15:00:00,6736.1328
2019-10-08 15:00:00,1953.1080000000002,15972912357235,11.35,215100.0,000921.XSHE,15972912442104,OPEN,BUY,海信家电,0.0,2019-10-08 15:00:00,1953.1080000000002
2019-10-08 15:00:00,11708.9112,15972912357236,13.37,1094700.0,002677.XSHE,15972912442122,OPEN,BUY,浙江美大,0.0,2019-10-08 15:00:00,11708.9112
2019-10-08 15:00:00,2224.3864000000003,15972912357237,3.49,796700.0,300160.XSHE,15972912442153,OPEN,BUY,秀强股份,0.0,2019-10-08 15:00:00,2224.3864000000003
2019-11-01 15:00:00,4922.620800000001,15972912357238,3.62,1699800.0,300160.XSHE,15972912442154,CLOSE,SELL,秀强股份,6153.276,2019-11-01 15:00:00,11075.8968
2019-11-01 15:00:00,4009.535552,15972912357239,9.26,541244.0,600060.XSHG,15972912442155,CLOSE,SELL,海信视像,5011.91944,2019-11-01 15:00:00,9021.454991999999
2019-11-01 15:00:00,9520.929600000001,15972912357240,2.73,4359400.0,000533.XSHE,15972912442156,CLOSE,SELL,顺钠股份,11901.162,2019-11-01 15:00:00,21422.0916
2019-11-01 15:00:00,6116.8640000000005,15972912357241,4.16,1838000.0,000016.XSHE,15972912442218,OPEN,BUY,深康佳A,0.0,2019-11-01 15:00:00,6116.8640000000005
2019-11-01 15:00:00,8665.068000000001,15972912357242,11.23,964500.0,000921.XSHE,15972912442227,OPEN,BUY,海信家电,0.0,2019-11-01 15:00:00,8665.068000000001
2019-11-01 15:00:00,1561.5456000000001,15972912357243,22.91,85200.0,002242.XSHE,15972912442230,OPEN,BUY,九阳股份,0.0,2019-11-01 15:00:00,1561.5456000000001
2019-11-01 15:00:00,11372.452000000001,15972912357244,13.93,1020500.0,002677.XSHE,15972912442240,OPEN,BUY,浙江美大,0.0,2019-11-01 15:00:00,11372.452000000001
2019-11-01 15:00:00,2419.7488000000003,15972912357245,15.77,191800.0,603519.XSHG,15972912442247,OPEN,BUY,立霸股份,0.0,2019-11-01 15:00:00,2419.7488000000003
2019-12-02 15:00:00,1463.6664,15972912357246,3.39,539700.0,300160.XSHE,15972912442248,CLOSE,SELL,秀强股份,1829.583,2019-12-02 15:00:00,3293.2494
2019-12-02 15:00:00,4216.019232000001,15972912357247,2.76,1909429.0,000533.XSHE,15972912442249,CLOSE,SELL,顺钠股份,5270.02404,2019-12-02 15:00:00,9486.043272
2019-12-02 15:00:00,7958.4722,15972912357248,22.85,435365.0,002242.XSHE,15972912442250,CLOSE,SELL,九阳股份,9948.090250000001,2019-12-02 15:00:00,17906.56245
2019-12-02 15:00:00,4281.1104000000005,15972912357249,3.99,1341200.0,000016.XSHE,15972912442297,OPEN,BUY,深康佳A,0.0,2019-12-02 15:00:00,4281.1104000000005
2019-12-02 15:00:00,3086.7512,15972912357250,10.27,375700.0,000921.XSHE,15972912442302,OPEN,BUY,海信家电,0.0,2019-12-02 15:00:00,3086.7512
2019-12-02 15:00:00,718.272,15972912357251,13.05,68800.0,002677.XSHE,15972912442305,OPEN,BUY,浙江美大,0.0,2019-12-02 15:00:00,718.272
2019-12-02 15:00:00,2498.5792,15972912357252,15.34,203600.0,603519.XSHG,15972912442313,OPEN,BUY,立霸股份,0.0,2019-12-02 15:00:00,2498.5792
2020-01-02 15:00:00,10847.5864,15972912357253,3.79,3577700.0,300160.XSHE,15972912442314,CLOSE,SELL,秀强股份,13559.483,2020-01-02 15:00:00,24407.0694
2020-01-02 15:00:00,3920.055568,15972912357254,12.61,388586.0,000921.XSHE,15972912442315,CLOSE,SELL,海信家电,4900.06946,2020-01-02 15:00:00,8820.125028
2020-01-02 15:00:00,3402.1800000000003,15972912357255,25.0,170109.0,002242.XSHE,15972912442316,CLOSE,SELL,九阳股份,4252.725,2020-01-02 15:00:00,7654.905000000001
2020-01-02 15:00:00,14233.1088,15972912357256,4.46,3989100.0,000016.XSHE,15972912442350,OPEN,BUY,深康佳A,0.0,2020-01-02 15:00:00,14233.1088
2020-01-02 15:00:00,7690.9800000000005,15972912357257,13.55,709500.0,002677.XSHE,15972912442357,OPEN,BUY,浙江美大,0.0,2020-01-02 15:00:00,7690.9800000000005
2020-01-02 15:00:00,3488.28,15972912357258,14.18,307500.0,603519.XSHG,15972912442362,OPEN,BUY,立霸股份,0.0,2020-01-02 15:00:00,3488.28
2020-02-03 15:00:00,267.93760000000003,15972912357259,10.18,32900.0,000921.XSHE,15972912442367,OPEN,BUY,海信家电,0.0,2020-02-03 15:00:00,267.93760000000003
2020-03-02 15:00:00,93827.36563200002,15972912357260,10.56,11106459.0,300160.XSHE,15972912442368,CLOSE,SELL,秀强股份,117284.20704000001,2020-03-02 15:00:00,211111.57267200004
2020-03-02 15:00:00,96770.251792,15972912357261,10.09,11988386.0,000016.XSHE,15972912442369,CLOSE,SELL,深康佳A,120962.81474,2020-03-02 15:00:00,217733.066532
2020-03-02 15:00:00,30457.235200000003,15972912357262,10.22,3725200.0,000921.XSHE,15972912442435,OPEN,BUY,海信家电,0.0,2020-03-02 15:00:00,30457.235200000003
2020-03-02 15:00:00,26118.248,15972912357263,28.06,1163500.0,002242.XSHE,15972912442447,OPEN,BUY,九阳股份,0.0,2020-03-02 15:00:00,26118.248
2020-03-02 15:00:00,31261.9608,15972912357264,13.23,2953700.0,002677.XSHE,15972912442479,OPEN,BUY,浙江美大,0.0,2020-03-02 15:00:00,31261.9608
2020-03-02 15:00:00,4666.3944,15972912357265,13.17,442900.0,603519.XSHG,15972912442525,OPEN,BUY,立霸股份,0.0,2020-03-02 15:00:00,4666.3944
2020-04-01 15:00:00,4643.068896000001,15972912357266,28.44,204073.0,002242.XSHE,15972912442526,CLOSE,SELL,九阳股份,5803.83612,2020-04-01 15:00:00,10446.905016
2020-04-01 15:00:00,5973.2288,15972912357267,8.68,860200.0,000016.XSHE,15972912442535,OPEN,BUY,深康佳A,0.0,2020-04-01 15:00:00,5973.2288
2020-04-01 15:00:00,23938.1016,15972912357268,9.17,3263100.0,000921.XSHE,15972912442566,OPEN,BUY,海信家电,0.0,2020-04-01 15:00:00,23938.1016
2020-04-01 15:00:00,8368.1712,15972912357269,11.58,903300.0,002677.XSHE,15972912442592,OPEN,BUY,浙江美大,0.0,2020-04-01 15:00:00,8368.1712
2020-04-01 15:00:00,7911.424800000001,15972912357270,11.53,857700.0,603519.XSHG,15972912442628,OPEN,BUY,立霸股份,0.0,2020-04-01 15:00:00,7911.424800000001
2020-05-06 15:00:00,55248.0256,15972912357271,30.88,2236400.0,002242.XSHE,15972912442629,CLOSE,SELL,九阳股份,69060.032,2020-05-06 15:00:00,124308.0576
2020-05-06 15:00:00,9218.6496,15972912357272,7.74,1488800.0,000016.XSHE,15972912442643,OPEN,BUY,深康佳A,0.0,2020-05-06 15:00:00,9218.6496
2020-05-06 15:00:00,5679.360000000001,15972912357273,9.86,720000.0,000921.XSHE,15972912442650,OPEN,BUY,海信家电,0.0,2020-05-06 15:00:00,5679.360000000001
2020-05-06 15:00:00,6078.952000000001,15972912357274,8.14,933500.0,002473.XSHE,15972912442711,OPEN,BUY,ST圣莱,0.0,2020-05-06 15:00:00,6078.952000000001
2020-05-06 15:00:00,7194.207200000001,15972912357275,11.03,815300.0,002677.XSHE,15972912442747,OPEN,BUY,浙江美大,0.0,2020-05-06 15:00:00,7194.207200000001
2020-05-06 15:00:00,1952.0016,15972912357276,11.37,214600.0,603519.XSHG,15972912442785,OPEN,BUY,立霸股份,0.0,2020-05-06 15:00:00,1952.0016
2020-06-01 15:00:00,34574.442480000005,15972912357277,32.7,1321653.0,002242.XSHE,15972912442786,CLOSE,SELL,九阳股份,43218.053100000005,2020-06-01 15:00:00,77792.49558000002
2020-06-01 15:00:00,35422.104832000005,15972912357278,12.52,3536552.0,000921.XSHE,15972912442787,CLOSE,SELL,海信家电,44277.63104,2020-06-01 15:00:00,79699.735872
2020-06-01 15:00:00,10346.136,15972912357279,6.9,1874300.0,000016.XSHE,15972912442804,OPEN,BUY,深康佳A,0.0,2020-06-01 15:00:00,10346.136
2020-06-01 15:00:00,4250.6304,15972912357280,8.23,645600.0,002473.XSHE,15972912442877,OPEN,BUY,ST圣莱,0.0,2020-06-01 15:00:00,4250.6304
2020-06-01 15:00:00,16752.512000000002,15972912357281,11.2,1869700.0,002677.XSHE,15972912442923,OPEN,BUY,浙江美大,0.0,2020-06-01 15:00:00,16752.512000000002
2020-07-01 15:00:00,4578.272,15972912357282,6.92,827000.0,000016.XSHE,15972912442961,OPEN,BUY,深康佳A,0.0,2020-07-01 15:00:00,4578.272
2020-07-01 15:00:00,171.6352,15972912357283,12.19,17600.0,000921.XSHE,15972912442963,OPEN,BUY,海信家电,0.0,2020-07-01 15:00:00,171.6352
2020-07-01 15:00:00,1615.5384000000001,15972912357284,7.77,259900.0,002473.XSHE,15972912443035,OPEN,BUY,ST圣莱,0.0,2020-07-01 15:00:00,1615.5384000000001
2020-07-01 15:00:00,15762.696,15972912357285,11.58,1701500.0,002677.XSHE,15972912443058,OPEN,BUY,浙江美大,0.0,2020-07-01 15:00:00,15762.696
2020-07-01 15:00:00,4189.113600000001,15972912357286,13.17,397600.0,603519.XSHG,15972912443090,OPEN,BUY,立霸股份,0.0,2020-07-01 15:00:00,4189.113600000001
2020-08-03 15:00:00,9960.024000000001,15972912357287,6.77,1839000.0,002473.XSHE,15972912443091,CLOSE,SELL,ST圣莱,12450.03,2020-08-03 15:00:00,22410.054000000004
2020-08-03 15:00:00,16349.6128,15972912357288,13.82,1478800.0,002677.XSHE,15972912443092,CLOSE,SELL,浙江美大,20437.016,2020-08-03 15:00:00,36786.6288
2020-08-03 15:00:00,2855.376,15972912357289,7.53,474000.0,000016.XSHE,15972912443098,OPEN,BUY,深康佳A,0.0,2020-08-03 15:00:00,2855.376
2020-08-03 15:00:00,12864.6936,15972912357290,11.43,1406900.0,000921.XSHE,15972912443111,OPEN,BUY,海信家电,0.0,2020-08-03 15:00:00,12864.6936
2020-08-03 15:00:00,87677.7216,15972912357291,14.88,7365400.0,600060.XSHG,15972912443172,OPEN,BUY,海信视像,0.0,2020-08-03 15:00:00,87677.7216
2020-08-03 15:00:00,5000.4352,15972912357292,14.18,440800.0,603519.XSHG,15972912443192,OPEN,BUY,立霸股份,0.0,2020-08-03 15:00:00,5000.4352
