date,单位净值,基准
2014/3/31,1,0.997369846
2014/4/1,0.999234,1.005181311
2014/4/2,1.005731,1.013365459
2014/4/3,0.998133,1.006060972
2014/4/4,1.005484,1.015570421
2014/4/8,1.024538,1.03966189
2014/4/9,1.026737,1.040267848
2014/4/10,1.031746,1.056597575
2014/4/11,1.032043,1.055159354
2014/4/14,1.032267,1.054205343
2014/4/15,1.015799,1.036012667
2014/4/16,1.016326,1.037436018
2014/4/17,1.013493,1.033847205
2014/4/18,1.013926,1.033696645
2014/4/21,1.000534,1.016395713
2014/4/22,1.004308,1.020832123
2014/4/23,1.00316,1.019843724
2014/4/24,0.999301,1.017894808
2014/4/25,0.988137,1.007370473
2014/4/28,0.970983,0.992102102
2014/4/29,0.979853,1.003022819
2014/4/30,0.983998,1.003110645
2014/5/5,0.981898,1.002093436
2014/5/6,0.984596,1.002492141
2014/5/7,0.975322,0.993192733
2014/5/8,0.974781,0.992346994
2014/5/9,0.968689,0.991610458
2014/5/12,0.984597,1.013052722
2014/5/13,0.986583,1.010635396
2014/5/14,0.985495,1.009482961
2014/5/15,0.972542,0.996337766
2014/5/16,0.972754,0.99720581
2014/5/19,0.959372,0.982889127
2014/5/20,0.959302,0.983180953
2014/5/21,0.967868,0.992537053
2014/5/22,0.968783,0.990196402
2014/5/23,0.977509,0.99834988
2014/5/26,0.983135,1.001863878
2014/5/27,0.981279,0.99782292
2014/5/28,0.99064,1.008079592
2014/5/29,0.985586,1.001486548
2014/5/30,0.984875,1.002090647
2014/6/3,0.983017,0.999048776
2014/6/4,0.97398,0.988990992
2014/6/5,0.984315,0.999366625
2014/6/6,0.979013,0.991984535
2014/6/9,0.978977,0.991782394
2014/6/10,0.990484,1.004323026
2014/6/11,0.991707,1.004089751
2014/6/12,0.990643,1.000671479
2014/6/13,1.00056,1.011281317
2014/6/16,1.005869,1.018536547
2014/6/17,0.996891,1.008229223
2014/6/18,0.992815,1.003844858
2014/6/19,0.977811,0.988355759
2014/6/20,0.98472,0.992919959
2014/6/23,0.985055,0.991702932
2014/6/24,0.99122,0.996680243
2014/6/25,0.989708,0.991359525
2014/6/26,0.998623,0.998657506
2014/6/27,1.000619,0.999206771
2014/6/30,1.007034,1.006112088
2014/7/1,1.005724,1.005852326
2014/7/2,1.009641,1.0087836
2014/7/3,1.015041,1.013116849
2014/7/4,1.015048,1.012421206
2014/7/7,1.015821,1.011303158
2014/7/8,1.019737,1.013247427
2014/7/9,1.005038,0.998487429
2014/7/10,1.002861,0.995762942
2014/7/11,1.00934,0.99816168
2014/7/14,1.021367,1.00919764
2014/7/15,1.023037,1.010693018
2014/7/16,1.018319,1.008784065
2014/7/17,1.012607,1.002371321
2014/7/18,1.0191,1.005659479
2014/7/21,1.019516,1.00665903
2014/7/22,1.031648,1.018928282
2014/7/23,1.031869,1.021314473
2014/7/24,1.046806,1.039522018
2014/7/25,1.054885,1.050413924
2014/7/28,1.08019,1.079895351
2014/7/29,1.082966,1.083367527
2014/7/30,1.08027,1.079018943
2014/7/31,1.091398,1.092141833
2014/8/1,1.082009,1.082453479
2014/8/4,1.099496,1.103930594
2014/8/5,1.097251,1.101018372
2014/8/6,1.093093,1.098168883
2014/8/7,1.080312,1.081549653
2014/8/8,1.081976,1.083258324
2014/8/11,1.097751,1.099157747
2014/8/12,1.096212,1.095302201
2014/8/13,1.097293,1.096161415
2014/8/14,1.089034,1.085493956
2014/8/15,1.100568,1.09696719
2014/8/18,1.106879,1.10343895
2014/8/19,1.105678,1.103534676
2014/8/20,1.104225,1.099525318
2014/8/21,1.100101,1.093997347
2014/8/22,1.105289,1.099164717
2014/8/25,1.09594,1.088708692
2014/8/26,1.088906,1.079985966
2014/8/27,1.090502,1.081613781
2014/8/28,1.080646,1.074031409
2014/8/29,1.091455,1.086582263
2014/9/1,1.101221,1.094495961
2014/9/2,1.113831,1.10896785
2014/9/3,1.123391,1.119366718
2014/9/4,1.130675,1.127445846
2014/9/5,1.13971,1.138150016
2014/9/9,1.140137,1.136274986
2014/9/10,1.136041,1.130331116
2014/9/11,1.131583,1.12615865
2014/9/12,1.139299,1.133084414
2014/9/15,1.138388,1.132541189
2014/9/16,1.113355,1.110038964
2014/9/17,1.11841,1.115875955
2014/9/18,1.123224,1.119285862
2014/9/19,1.132066,1.126975113
2014/9/22,1.112606,1.105464076
2014/9/23,1.12197,1.11500977
2014/9/24,1.138392,1.134713622
2014/9/25,1.136362,1.132437098
2014/9/26,1.135282,1.132546765
2014/9/29,1.141512,1.137471567
2014/9/30,1.144131,1.138953468
2014/10/8,1.155393,1.151683694
2014/10/9,1.155205,1.153343572
2014/10/10,1.148565,1.14629606
2014/10/13,1.141687,1.140792717
2014/10/14,1.138852,1.136896743
2014/10/15,1.148657,1.144941484
2014/10/16,1.142779,1.135889757
2014/10/17,1.139578,1.134652283
2014/10/20,1.147581,1.140683515
2014/10/21,1.138791,1.130776291
2014/10/22,1.132779,1.12392209
2014/10/23,1.123395,1.113371268
2014/10/24,1.125025,1.110940931
2014/10/27,1.118855,1.100776267
2014/10/28,1.140396,1.122998283
2014/10/29,1.157317,1.139137486
2014/10/30,1.166979,1.147288641
2014/10/31,1.185549,1.165597489
2014/11/3,1.190003,1.167559881
2014/11/4,1.188086,1.167849849
2014/11/5,1.184599,1.163331188
2014/11/6,1.187611,1.164548215
2014/11/7,1.186177,1.162729412
2014/11/10,1.213121,1.192273109
2014/11/11,1.205954,1.188965434
2014/11/12,1.218214,1.205557711
2014/11/13,1.212179,1.198788084
2014/11/14,1.207814,1.199412165
2014/11/17,1.205345,1.192910201
2014/11/18,1.195517,1.180974598
2014/11/19,1.194721,1.179026146
2014/11/20,1.19597,1.178968524
2014/11/21,1.214301,1.200509767
2014/11/24,1.238328,1.231087866
2014/11/25,1.253365,1.247957564
2014/11/26,1.276422,1.265363517
2014/11/27,1.291667,1.27998829
2014/11/28,1.326075,1.305234518
2014/12/1,1.32844,1.310342873
2014/12/2,1.37647,1.358730277
2014/12/3,1.37991,1.378995012
2014/12/4,1.442998,1.442565748
2014/12/5,1.4476,1.452107725
2014/12/8,1.495395,1.511586387
2014/12/9,1.413599,1.443756288
2014/12/10,1.45818,1.497025277
2014/12/11,1.449307,1.479118852
2014/12/12,1.456483,1.483865676
2014/12/15,1.470966,1.495018739
2014/12/16,1.513024,1.53506307
2014/12/17,1.535235,1.561641569
2014/12/18,1.527878,1.554824079
2014/12/19,1.547719,1.572129194
2014/12/22,1.545981,1.577386714
2014/12/23,1.507736,1.545064162
2014/12/24,1.471929,1.501132686
2014/12/25,1.52676,1.5499411
2014/12/26,1.573916,1.601252344
2014/12/29,1.583521,1.605720818
2014/12/30,1.587114,1.606696206
2014/12/31,1.620748,1.642082934
2015/1/5,1.661639,1.692193414
2015/1/6,1.662584,1.691969433
2015/1/7,1.665845,1.693238505
2015/1/8,1.627384,1.653957662
2015/1/9,1.624744,1.648132288
2015/1/12,1.610286,1.632729157
2015/1/13,1.610715,1.632944774
2015/1/14,1.604484,1.627546452
2015/1/15,1.65425,1.674804655
2015/1/16,1.66905,1.689221711
2015/1/19,1.542511,1.559112253
2015/1/20,1.559572,1.578195742
2015/1/21,1.628798,1.649136952
2015/1/22,1.635861,1.657839695
2015/1/23,1.63591,1.65975376
2015/1/26,1.646083,1.676600224
2015/1/27,1.633984,1.661240308
2015/1/28,1.610744,1.638187889
2015/1/29,1.589723,1.617962188
2015/1/30,1.565893,1.59593209
2015/2/2,1.530085,1.558556947
2015/2/3,1.567756,1.597351723
2015/2/4,1.55493,1.580772921
2015/2/5,1.539458,1.564591432
2015/2/6,1.514899,1.539253659
2015/2/9,1.531456,1.554821291
2015/2/10,1.557999,1.5831777
2015/2/11,1.566542,1.595808482
2015/2/12,1.570763,1.599874533
2015/2/13,1.583229,1.61239983
2015/2/16,1.590483,1.626180259
2015/2/17,1.603413,1.636793349
2015/2/25,1.584772,1.61653605
2015/2/26,1.623797,1.657227232
2015/2/27,1.624652,1.660270032
2015/3/2,1.635234,1.673477496
2015/3/3,1.592018,1.630091567
2015/3/4,1.598365,1.640743228
2015/3/5,1.583212,1.624721592
2015/3/6,1.58124,1.616438929
2015/3/9,1.609693,1.643962611
2015/3/10,1.600902,1.635998262
2015/3/11,1.605166,1.637876545
2015/3/12,1.636643,1.669564328
2015/3/13,1.648373,1.68109472
2015/3/16,1.687228,1.721994084
2015/3/17,1.710879,1.745902931
2015/3/18,1.750345,1.787229346
2015/3/19,1.750432,1.784294354
2015/3/20,1.772929,1.808846333
2015/3/23,1.807559,1.845783272
2015/3/24,1.806842,1.846240994
2015/3/25,1.792361,1.831076249
2015/3/26,1.803563,1.835531247
2015/3/27,1.811823,1.845614125
2015/3/30,1.863494,1.899741864
2015/3/31,1.851354,1.882560358
2015/4/1,1.882723,1.916339253
2015/4/2,1.885306,1.916748646
2015/4/3,1.903835,1.938013862
2015/4/7,1.952813,1.979606546
2015/4/8,1.973451,1.996223452
2015/4/9,1.969321,1.98057961
2015/4/10,2.004975,2.018813503
2015/4/13,2.039345,2.054435365
2015/4/14,2.040815,2.062386702
2015/4/15,2.018609,2.035587475
2015/4/16,2.078583,2.097406789
2015/4/17,2.112649,2.135785666
2015/4/20,2.068349,2.101297651
2015/4/21,2.113128,2.146486583
2015/4/22,2.165372,2.202551621
2015/4/23,2.169243,2.203052559
2015/4/24,2.155746,2.185277642
2015/4/27,2.202406,2.234047487
2015/4/28,2.173854,2.203502845
2015/4/29,2.195762,2.218589057
2015/4/30,2.18688,2.207231995
2015/5/4,2.192252,2.224822894
2015/5/5,2.107565,2.136111414
2015/5/6,2.094257,2.115892684
2015/5/7,2.06949,2.077212687
2015/5/8,2.109132,2.118251923
2015/5/11,2.172443,2.179650691
2015/5/12,2.199325,2.20608653
2015/5/13,2.184723,2.192617445
2015/5/14,2.17469,2.184411921
2015/5/15,2.136535,2.145699396
2015/5/18,2.12373,2.126029001
2015/5/19,2.225065,2.198558991
2015/5/20,2.246651,2.209570788
2015/5/21,2.286696,2.24956075
2015/5/22,2.338811,2.300843648
2015/5/25,2.396158,2.369692351
2015/5/26,2.43816,2.415893381
2015/5/27,2.426596,2.407768714
2015/5/28,2.281982,2.246322315
2015/5/29,2.282798,2.249492441
2015/6/1,2.38517,2.358857602
2015/6/2,2.423284,2.398677488
2015/6/3,2.425694,2.390182926
2015/6/4,2.448903,2.407760349
2015/6/5,2.46844,2.430593434
2015/6/8,2.530397,2.487843157
2015/6/9,2.50622,2.470979314
2015/6/10,2.503694,2.467099604
2015/6/11,2.502068,2.465927652
2015/6/12,2.512896,2.479183026
2015/6/15,2.455775,2.426232072
2015/6/16,2.385555,2.353579728
2015/6/17,2.417838,2.387971319
2015/6/18,2.32532,2.291184615
2015/6/19,2.192167,2.154798847
2015/6/23,2.260352,2.224055967
2015/6/24,2.299939,2.267753472
2015/6/25,2.218218,2.187078275
2015/6/26,2.051225,2.014993134
2015/6/29,1.981646,1.947777311
2015/6/30,2.113082,2.078564289
2015/7/1,2.020106,1.976343017
2015/7/2,1.958989,1.908951168
2015/7/3,1.859321,1.805752835
2015/7/6,1.907934,1.858086447
2015/7/7,1.875168,1.825309659
2015/7/8,1.753647,1.702182656
2015/7/9,1.857503,1.811194095
2015/7/10,1.947948,1.908282012
2015/7/13,1.98602,1.957193356
2015/7/14,1.949041,1.910880893
2015/7/15,1.89492,1.843319245
2015/7/16,1.904573,1.857537413
2015/7/17,1.976643,1.929165019
2015/7/20,1.980799,1.933401333
2015/7/21,1.984,1.93590774
2015/7/22,1.982968,1.931797404
2015/7/23,2.025036,1.97531326
2015/7/24,1.990643,1.940681517
2015/7/27,1.828045,1.7745323
2015/7/28,1.830922,1.770982614
2015/7/29,1.876796,1.826414045
2015/7/30,1.818287,1.772989709
2015/7/31,1.812554,1.773588
2015/8/3,1.811221,1.77941342
2015/8/4,1.869435,1.834674542
2015/8/5,1.830041,1.796915749
2015/8/6,1.813421,1.780629146
2015/8/7,1.850122,1.815524323
2015/8/10,1.933463,1.897969809
2015/8/11,1.918171,1.889746906
2015/8/12,1.884819,1.86626
2015/8/13,1.905979,1.89383331
2015/8/14,1.904535,1.892939709
2015/8/17,1.907656,1.894952799
2015/8/18,1.789474,1.777636811
2015/8/19,1.818109,1.80585451
2015/8/20,1.76237,1.747916021
2015/8/21,1.680005,1.668027036
2015/8/24,1.535856,1.522113138
2015/8/25,1.43222,1.414022347
2015/8/26,1.43045,1.406013574
2015/8/27,1.515428,1.489632731
2015/8/28,1.574402,1.553132277
2015/8/31,1.577733,1.564400862
2015/9/1,1.564845,1.562331497
2015/9/2,1.560752,1.564073672
2015/9/7,1.511405,1.510472986
2015/9/8,1.553259,1.54929253
2015/9/9,1.584834,1.579628572
2015/9/10,1.566545,1.560230301
2015/9/11,1.562463,1.555409963
2015/9/14,1.524365,1.52471425
2015/9/15,1.469806,1.464815599
2015/9/16,1.538551,1.537779843
2015/9/17,1.50648,1.50420597
2015/9/18,1.51514,1.510839256
2015/9/21,1.544761,1.537314362
2015/9/22,1.561096,1.551619102
2015/9/23,1.530923,1.51630138
2015/9/24,1.539517,1.526511398
2015/9/25,1.515972,1.501860579
2015/9/28,1.523029,1.506879712
2015/9/29,1.496681,1.47718685
2015/9/30,1.509506,1.488382711
2015/10/8,1.552804,1.531847405
2015/10/9,1.5743,1.55212371
2015/10/12,1.621526,1.602114068
2015/10/13,1.624073,1.600882496
2015/10/14,1.603646,1.582791356
2015/10/15,1.643306,1.620293546
2015/10/16,1.663309,1.642250362
2015/10/19,1.661277,1.642304638
2015/10/20,1.676137,1.662528294
2015/10/21,1.627954,1.613992049
2015/10/22,1.649356,1.637821201
2015/10/23,1.675892,1.659525643
2015/10/26,1.68779,1.667899385
2015/10/27,1.692466,1.669580778
2015/10/28,1.659411,1.638000572
2015/10/29,1.666347,1.641897754
2015/10/30,1.668139,1.642256635
2015/11/2,1.640913,1.615250387
2015/11/3,1.635217,1.610385253
2015/11/4,1.71297,1.68615089
2015/11/5,1.740969,1.722132888
2015/11/6,1.782871,1.762748883
2015/11/9,1.808806,1.784580465
2015/11/10,1.805596,1.781273348
2015/11/11,1.808536,1.781462849
2015/11/12,1.793978,1.763655125
2015/11/13,1.767127,1.740847179
2015/11/16,1.778032,1.749157723
2015/11/17,1.773114,1.746490719
2015/11/18,1.75592,1.726598527
2015/11/19,1.786453,1.754196374
2015/11/20,1.791364,1.753924111
2015/11/23,1.780706,1.74414319
2015/11/24,1.783589,1.744400443
2015/11/25,1.80108,1.757280857
2015/11/26,1.788265,1.746974788
2015/11/27,1.701488,1.652904392
2015/11/30,1.708575,1.657281694
2015/12/1,1.72484,1.669030862
2015/12/2,1.784066,1.72956089
2015/12/3,1.804402,1.742267416
2015/12/4,1.771476,1.708946103
2015/12/7,1.778747,1.713600035
2015/12/8,1.748856,1.683586954
2015/12/9,1.762192,1.68958984
2015/12/10,1.7569,1.683616695
2015/12/11,1.747619,1.676634471
2015/12/14,1.79141,1.724620057
2015/12/15,1.791735,1.716751202
2015/12/16,1.7852,1.712592816
2015/12/17,1.8231,1.745329548
2015/12/18,1.83439,1.750917324
2015/12/21,1.885377,1.79648117
2015/12/22,1.891455,1.801484922
2015/12/23,1.888954,1.796674853
2015/12/24,1.873817,1.77949093
2015/12/25,1.878729,1.783579659
2015/12/28,1.828431,1.73219899
2015/12/29,1.849931,1.748111377
2015/12/30,1.853918,1.749645185
2015/12/31,1.836076,1.733766441
2016/1/4,1.716217,1.612045828
2016/1/5,1.722069,1.616559609
2016/1/6,1.746722,1.644919039
2016/1/7,1.633947,1.530872435
2016/1/8,1.663185,1.56209009
2016/1/11,1.582652,1.483504564
2016/1/12,1.588167,1.49431329
2016/1/13,1.558826,1.466510236
2016/1/14,1.590835,1.49703708
2016/1/15,1.543893,1.449247595
2016/1/18,1.549917,1.454823336
2016/1/19,1.589372,1.497759071
2016/1/20,1.565081,1.475106751
2016/1/21,1.522771,1.43187524
2016/1/22,1.534361,1.446799832
2016/1/25,1.540681,1.453966956
2016/1/26,1.45399,1.366429519
2016/1/27,1.447699,1.361709833
2016/1/28,1.421535,1.326116456
2016/1/29,1.464439,1.369023288
2016/2/1,1.447642,1.348092418
2016/2/2,1.476656,1.376106814
2016/2/3,1.47369,1.370207508
2016/2/4,1.489746,1.386992725
2016/2/5,1.47753,1.377247957
2016/2/15,1.472997,1.369309724
2016/2/16,1.514621,1.41128471
2016/2/17,1.524791,1.423498942
2016/2/18,1.518844,1.419027958
2016/2/19,1.519251,1.418045833
2016/2/22,1.550161,1.449311443
2016/2/23,1.532175,1.435601044
2016/2/24,1.536021,1.444979542
2016/2/25,1.443586,1.356318574
2016/2/26,1.454989,1.369924976
2016/2/29,1.419427,1.337134479
2016/3/1,1.444747,1.361868664
2016/3/2,1.500734,1.417928591
2016/3/3,1.499841,1.421222882
2016/3/4,1.512234,1.437704377
2016/3/7,1.516169,1.442792843
2016/3/8,1.518363,1.444109314
2016/3/9,1.503262,1.427489295
2016/3/10,1.477084,1.400183414
2016/3/11,1.480372,1.402571324
2016/3/14,1.50649,1.424600493
2016/3/15,1.510448,1.428824168
2016/3/16,1.514937,1.435912201
2016/3/17,1.534441,1.451791223
2016/3/18,1.559387,1.473984475
2016/3/21,1.594091,1.509986082
2016/3/22,1.583455,1.498997567
2016/3/23,1.58948,1.503784866
2016/3/24,1.567199,1.478579206
2016/3/25,1.574008,1.485998564
2016/3/28,1.562992,1.472946028
2016/3/29,1.547976,1.456998511
2016/3/30,1.592911,1.494576027
2016/3/31,1.596533,1.495418327
2016/4/1,1.595898,1.497187361
2016/4/5,1.617237,1.51697904
2016/4/6,1.616167,1.513745623
2016/4/7,1.592591,1.49133011
2016/4/8,1.582507,1.480379932
2016/4/11,1.605181,1.50099825
2016/4/12,1.599582,1.495586452
2016/4/13,1.619667,1.515537242
2016/4/14,1.627853,1.52225157
2016/4/15,1.626082,1.520566227
2016/4/18,1.60552,1.500234948
2016/4/19,1.610051,1.504812067
2016/4/20,1.583042,1.47819616
2016/4/21,1.573717,1.468705718
2016/4/22,1.582568,1.475349831
2016/4/25,1.576574,1.469370134
2016/4/26,1.586307,1.477329092
2016/4/27,1.582269,1.471174299
2016/4/28,1.579899,1.468695309
2016/4/29,1.579125,1.466912845
2016/5/3,1.608143,1.493304817
2016/5/4,1.60835,1.491409665
2016/5/5,1.612088,1.493481492
2016/5/6,1.570726,1.454649309
2016/5/9,1.538855,1.424565641
2016/5/10,1.539147,1.426190668
2016/5/11,1.547439,1.432555176
2016/5/12,1.551812,1.435960715
2016/5/13,1.54477,1.428896427
2016/5/16,1.555979,1.438363775
2016/5/17,1.54985,1.434049764
2016/5/18,1.53885,1.425690381
2016/5/19,1.535956,1.423118034
2016/5/20,1.544962,1.430422103
2016/5/23,1.552122,1.434606278
2016/5/24,1.538538,1.423608469
2016/5/25,1.535369,1.421596494
2016/5/26,1.53743,1.423913075
2016/5/27,1.536322,1.423117616
2016/5/30,1.537889,1.42507406
2016/5/31,1.589007,1.472867728
2016/6/1,1.584468,1.468679556
2016/6/2,1.588847,1.47172454
2016/6/3,1.600441,1.482052682
2016/6/6,1.599684,1.477156134
2016/6/7,1.600993,1.476350034
2016/6/8,1.595366,1.470277816
2016/6/13,1.549595,1.424902961
2016/6/14,1.555004,1.429383563
2016/6/15,1.575289,1.44815004
2016/6/16,1.566705,1.438069299
2016/6/17,1.57561,1.445356779
2016/6/20,1.578958,1.446433562
2016/6/21,1.574529,1.443479564
2016/6/22,1.589088,1.456325312
2016/6/23,1.583187,1.448590846
2016/6/24,1.566464,1.429928182
2016/6/27,1.588537,1.450090638
2016/6/28,1.596249,1.457459252
2016/6/29,1.604081,1.464424282
2016/6/30,1.604515,1.465600509
2016/7/1,1.60569,1.465730298
2016/7/4,1.626827,1.489195317
2016/7/5,1.627939,1.490443711
2016/7/6,1.635866,1.494821477
2016/7/7,1.635519,1.491638665
2016/7/8,1.628905,1.483425799
2016/7/11,1.632654,1.488560362
2016/7/12,1.669395,1.52102023
2016/7/13,1.674955,1.52552114
2016/7/14,1.6707,1.522684477
2016/7/15,1.672872,1.522458544
2016/7/18,1.667435,1.515834226
2016/7/19,1.658728,1.509427012
2016/7/20,1.654622,1.504487805
2016/7/21,1.662043,1.511419888
2016/7/22,1.647399,1.498705648
2016/7/25,1.650171,1.501365031
2016/7/26,1.673628,1.519350082
2016/7/27,1.645888,1.495490401
2016/7/28,1.655796,1.496834986
2016/7/29,1.650482,1.488839456
2016/8/1,1.63717,1.476236416
2016/8/2,1.643895,1.481926007
2016/8/3,1.647881,1.483995929
2016/8/4,1.654913,1.487611927
2016/8/5,1.65443,1.489387653
2016/8/8,1.671973,1.502897724
2016/8/9,1.685819,1.513491762
2016/8/10,1.677382,1.507153183
2016/8/11,1.669798,1.502515329
2016/8/12,1.699283,1.530802639
2016/8/15,1.746423,1.576895489
2016/8/16,1.740852,1.569842028
2016/8/17,1.737546,1.567426794
2016/8/18,1.731661,1.563447872
2016/8/19,1.728897,1.563696296
2016/8/22,1.718416,1.550580469
2016/8/23,1.722178,1.552920145
2016/8/24,1.717134,1.54735932
2016/8/25,1.707785,1.537651449
2016/8/26,1.708136,1.536776946
2016/8/29,1.70867,1.537098048
2016/8/30,1.708964,1.53905254
2016/8/31,1.716825,1.546397734
2016/9/1,1.702601,1.534214869
2016/9/2,1.70506,1.540040939
2016/9/5,1.709354,1.542627459
2016/9/6,1.723577,1.553290086
2016/9/7,1.723482,1.552449598
2016/9/8,1.725241,1.551867247
2016/9/9,1.712459,1.541867084
2016/9/12,1.683839,1.516104723
2016/9/13,1.682094,1.515049269
2016/9/14,1.671618,1.50501049
2016/9/19,1.685011,1.516346316
2016/9/20,1.683253,1.513687908
2016/9/21,1.687006,1.517978359
2016/9/22,1.703895,1.52935624
2016/9/23,1.695528,1.522174617
2016/9/26,1.666608,1.496438743
2016/9/27,1.676834,1.505951351
2016/9/28,1.673608,1.501367541
2016/9/29,1.682059,1.507639483
2016/9/30,1.688998,1.51177403
2016/10/10,1.706797,1.530633119
2016/10/11,1.711965,1.536529312
2016/10/12,1.709767,1.53348679
2016/10/13,1.7107,1.534711531
2016/10/14,1.712031,1.536199752
2016/10/17,1.699911,1.523202608
2016/10/18,1.72009,1.543395176
2016/10/19,1.715951,1.541029106
2016/10/20,1.718073,1.542127497
2016/10/21,1.721396,1.546372734
2016/10/24,1.739818,1.564885024
2016/10/25,1.743354,1.56482782
2016/10/26,1.737056,1.558947427
2016/10/27,1.730927,1.554716271
2016/10/28,1.726501,1.552128497
2016/10/31,1.725855,1.550340177
2016/11/1,1.738495,1.560922924
2016/11/2,1.723494,1.548980769
2016/11/3,1.73751,1.563726641
2016/11/4,1.732918,1.558656809
2016/11/7,1.735719,1.559779829
2016/11/8,1.743098,1.566529985
2016/11/9,1.736605,1.558136262
2016/11/10,1.755078,1.575588776
2016/11/11,1.762612,1.587953847
2016/11/14,1.765697,1.59400743
2016/11/15,1.767681,1.593831545
2016/11/16,1.766207,1.593702546
2016/11/17,1.768684,1.596928853
2016/11/18,1.761089,1.588062724
2016/11/21,1.770932,1.599055096
2016/11/22,1.785171,1.611719382
2016/11/23,1.789941,1.614677237
2016/11/24,1.797708,1.62118817
2016/11/25,1.814993,1.636317691
2016/11/28,1.823715,1.64272221
2016/11/29,1.834376,1.656179538
2016/11/30,1.818167,1.644079249
2016/12/1,1.831484,1.656642185
2016/12/2,1.813652,1.639875509
2016/12/5,1.785076,1.612204334
2016/12/6,1.782863,1.607439387
2016/12/7,1.792761,1.615150479
2016/12/8,1.789808,1.612546022
2016/12/9,1.802177,1.623493133
2016/12/12,1.760504,1.584216937
2016/12/13,1.756799,1.582291301
2016/12/14,1.745411,1.570167405
2016/12/15,1.725398,1.552271436
2016/12/16,1.730623,1.554872175
2016/12/19,1.724925,1.546950206
2016/12/20,1.71287,1.5376942
2016/12/21,1.727447,1.551389544
2016/12/22,1.725989,1.550058667
2016/12/23,1.712132,1.537013427
2016/12/26,1.721611,1.54389156
2016/12/27,1.722642,1.541096254
2016/12/28,1.71562,1.534359853
2016/12/29,1.715392,1.532443511
2016/12/30,1.725122,1.538166652
2017/1/3,1.738744,1.553104814
2017/1/4,1.753243,1.565226061
2017/1/5,1.752764,1.564983259
2017/1/6,1.74143,1.55563241
2017/1/9,1.748442,1.563176632
2017/1/10,1.745913,1.560560511
2017/1/11,1.733709,1.549511911
2017/1/12,1.725589,1.54167196
2017/1/13,1.726333,1.542735221
2017/1/16,1.725793,1.54251835
2017/1/17,1.731236,1.54572974
2017/1/18,1.740433,1.551774913
2017/1/19,1.735229,1.547092587
2017/1/20,1.749479,1.558988692
2017/1/23,1.754502,1.563259997
2017/1/24,1.756277,1.56343198
2017/1/25,1.761594,1.568754232
2017/1/26,1.76837,1.574356739
2017/2/3,1.755109,1.563451218
2017/2/6,1.761515,1.567499983
2017/2/7,1.759849,1.564005409
2017/2/8,1.766749,1.572185328
2017/2/9,1.774062,1.578228456
2017/2/10,1.783255,1.586218549
2017/2/13,1.796447,1.596808034
2017/2/14,1.795294,1.596589257
2017/2/15,1.787236,1.590041241
2017/2/16,1.796542,1.598972613
2017/2/17,1.785174,1.589915217
2017/2/20,1.814983,1.613126886
2017/2/21,1.820106,1.618438497
2017/2/22,1.82564,1.621660529
2017/2/23,1.81835,1.614024206
2017/2/24,1.817098,1.614269609
2017/2/27,1.801587,1.601430692
2017/2/28,1.806359,1.604491848
2017/3/1,1.809164,1.607106807
2017/3/2,1.797755,1.596260302
2017/3/3,1.7964,1.592898955
2017/3/6,1.805777,1.60155207
2017/3/7,1.811534,1.605024478
2017/3/8,1.807255,1.602596371
2017/3/9,1.795528,1.592471904
2017/3/10,1.798439,1.592912338
2017/3/13,1.816838,1.606948998
2017/3/14,1.816121,1.606296292
2017/3/15,1.821719,1.609525991
2017/3/16,1.829016,1.617826777
2017/3/17,1.812457,1.601236591
2017/3/20,1.815605,1.603005904
2017/3/21,1.828178,1.610782146
2017/3/22,1.822409,1.603209253
2017/3/23,1.829059,1.608752094
2017/3/24,1.843895,1.621587572
2017/3/27,1.836847,1.61621518
2017/3/28,1.83171,1.61239114
2017/3/29,1.82905,1.610246124
2017/3/30,1.813055,1.59703248
2017/3/31,1.82371,1.605995218
2017/4/5,1.846555,1.628229641
2017/4/6,1.854296,1.63294798
2017/4/7,1.858243,1.634535599
2017/4/10,1.855544,1.628808647
2017/4/11,1.858612,1.63447268
2017/4/12,1.854625,1.630806588
2017/4/13,1.86144,1.633189294
2017/4/14,1.845302,1.620149259
2017/4/17,1.841262,1.617099581
2017/4/18,1.83646,1.609107444
2017/4/19,1.83079,1.601269584
2017/4/20,1.840362,1.60855223
2017/4/21,1.841493,1.610986471
2017/4/24,1.824448,1.594477001
2017/4/25,1.832388,1.598991759
2017/4/26,1.839198,1.600947599
2017/4/27,1.838853,1.60166183
2017/4/28,1.833843,1.598424231
2017/5/2,1.829813,1.592301269
2017/5/3,1.823356,1.586051911
2017/5/4,1.820386,1.58198967
2017/5/5,1.80881,1.571842572
2017/5/8,1.791155,1.560811863
2017/5/9,1.790295,1.557893553
2017/5/10,1.788759,1.551001387
2017/5/11,1.802096,1.559805062
2017/5/12,1.820833,1.573156952
2017/5/15,1.829697,1.579576666
2017/5/16,1.850905,1.593264342
2017/5/17,1.837946,1.584582277
2017/5/18,1.833214,1.579074334
2017/5/19,1.836266,1.581740038
2017/5/22,1.841206,1.585173876
2017/5/23,1.850059,1.591194095
2017/5/24,1.849085,1.591181502
2017/5/25,1.880391,1.619755944
2017/5/26,1.87582,1.617328581
2017/5/31,1.882681,1.623113991
2017/6/1,1.88666,1.625369465
2017/6/2,1.881015,1.620150607
2017/6/5,1.872116,1.611900658
2017/6/6,1.887599,1.623112644
2017/6/7,1.913899,1.642160444
2017/6/8,1.934104,1.654756746
2017/6/9,1.945554,1.661816201
2017/6/12,1.949595,1.660988631
2017/6/13,1.954158,1.664649472
2017/6/14,1.929228,1.642823512
2017/6/15,1.922119,1.639800183
2017/6/16,1.919143,1.635138629
2017/6/19,1.940077,1.651358317
2017/6/20,1.936676,1.648025874
2017/6/21,1.963225,1.667292451
2017/6/22,1.963382,1.668401902
2017/6/23,1.984156,1.683523245
2017/6/26,2.010961,1.704531393
2017/6/27,2.015283,1.707609185
2017/6/28,1.997198,1.694342891
2017/6/29,2.011845,1.704873406
2017/6/30,2.013198,1.70392999
2017/7/3,2.000032,1.696517508
2017/7/4,1.981014,1.682176104
2017/7/5,2.009599,1.700622222
2017/7/6,2.013523,1.700816091
2017/7/7,2.011878,1.698879536
2017/7/10,2.010486,1.697837465
2017/7/11,2.024571,1.705793821
2017/7/12,2.020176,1.700224492
2017/7/13,2.034709,1.713280885
2017/7/14,2.046943,1.720796574
2017/7/17,2.031605,1.702424296
2017/7/18,2.034138,1.704107966
2017/7/19,2.065197,1.733181813
2017/7/20,2.075549,1.741610249
2017/7/21,2.067484,1.732647882
2017/7/24,2.07492,1.739558311
2017/7/25,2.063165,1.728447721
2017/7/26,2.051477,1.721862763
2017/7/27,2.050807,1.725025593
2017/7/28,2.060786,1.729531568
2017/7/31,2.069812,1.736958175
2017/8/1,2.087843,1.752065113
2017/8/2,2.082606,1.747636462
2017/8/3,2.061187,1.732289512
2017/8/4,2.046865,1.722880995
2017/8/7,2.0585,1.731810136
2017/8/8,2.059466,1.734327882
2017/8/9,2.063327,1.733784704
2017/8/10,2.055408,1.72675708
2017/8/11,2.019473,1.694892947
2017/8/14,2.043525,1.7168881
2017/8/15,2.052896,1.72217327
2017/8/16,2.048472,1.720019006
2017/8/17,2.055222,1.729246061
2017/8/18,2.058819,1.73082499
2017/8/21,2.065305,1.738408431
2017/8/22,2.074592,1.743661258
2017/8/23,2.078585,1.745422625
2017/8/24,2.070237,1.73545843
2017/8/25,2.102968,1.763855081
2017/8/28,2.127287,1.785675836
2017/8/29,2.128186,1.781877307
2017/8/30,2.128632,1.781767129
2017/8/31,2.121016,1.776094314
2017/9/1,2.123903,1.780018866
2017/9/4,2.134551,1.787025486
2017/9/5,2.145574,1.792336957
2017/9/6,2.140791,1.788806928
2017/9/7,2.130799,1.779708917
2017/9/8,2.130444,1.777905077
2017/9/11,2.132421,1.777745131
2017/9/12,2.136886,1.783455632
2017/9/13,2.141265,1.785626671
2017/9/14,2.134509,1.779747998
2017/9/15,2.134865,1.780371196
2017/9/18,2.139928,1.785876071
2017/9/19,2.134423,1.780752057
2017/9/20,2.140126,1.785547302
2017/9/21,2.140059,1.783401496
2017/9/22,2.141947,1.783360975
2017/9/25,2.132519,1.774095536
2017/9/26,2.132266,1.77548501
2017/9/27,2.133473,1.775679437
2017/9/28,2.136868,1.776301473
2017/9/29,2.14722,1.782789822
2017/10/9,2.173034,1.804029155
2017/10/10,2.177269,1.80758688
2017/10/11,2.187159,1.813545666
2017/10/12,2.195081,1.818316562
2017/10/13,2.200183,1.822056446
2017/10/16,2.19698,1.818545469
2017/10/17,2.199812,1.818370094
2017/10/18,2.219421,1.832819121
2017/10/19,2.215724,1.826818512
2017/10/20,2.209616,1.824775031
2017/10/23,2.21418,1.826608751
2017/10/24,2.230993,1.839897628
2017/10/25,2.245397,1.848054685
2017/10/26,2.252854,1.85578074
2017/10/27,2.270445,1.868974449
2017/10/30,2.267209,1.863283929
2017/10/31,2.262815,1.861888042
2017/11/1,2.255502,1.857196609
2017/11/2,2.252574,1.857434624
2017/11/3,2.247309,1.855373066
2017/11/6,2.26464,1.868473511
2017/11/7,2.282632,1.883974182
2017/11/8,2.278198,1.881074135
2017/11/9,2.297913,1.894036288
2017/11/10,2.323832,1.910770482
2017/11/13,2.33424,1.918280874
2017/11/14,2.318215,1.904933863
2017/11/15,2.303769,1.892999933
2017/11/16,2.328802,1.907564575
2017/11/17,2.337204,1.914924639
2017/11/20,2.352864,1.925604459
2017/11/21,2.396641,1.959930343
2017/11/22,2.396393,1.964514572
2017/11/23,2.321978,1.906349127
2017/11/24,2.320628,1.907188732
2017/11/27,2.290925,1.881976473
2017/11/28,2.292257,1.884707
2017/11/29,2.293832,1.88374481
2017/11/30,2.262766,1.861600584
2017/12/1,2.256702,1.857900338
2017/12/4,2.269493,1.867529026
2017/12/5,2.283039,1.877433137
2017/12/6,2.267328,1.866118222
2017/12/7,2.240188,1.845316676
2017/12/8,2.263203,1.860336576
2017/12/11,2.301911,1.891062215
2017/12/12,2.271117,1.86620893
2017/12/13,2.291979,1.882043946
2017/12/14,2.280641,1.870918718
2017/12/15,2.253875,1.849870142
2017/12/18,2.259362,1.851931328
2017/12/19,2.290476,1.875183565
2017/12/20,2.289201,1.872934643
2017/12/21,2.314234,1.890294917
2017/12/22,2.307111,1.884137707
2017/12/25,2.304417,1.878069625
2017/12/26,2.309324,1.883684168
2017/12/27,2.269223,1.85468049
2017/12/28,2.286725,1.867547753
2017/12/29,2.295208,1.873104302
2018/1/2,2.331313,1.899380891
2018/1/3,2.340919,1.910529446
2018/1/4,2.349626,1.918624095
2018/1/5,2.357291,1.923242478
2018/1/8,2.373115,1.93319106
2018/1/9,2.394055,1.946731336
2018/1/10,2.407425,1.955335333
2018/1/11,2.405259,1.954300511
2018/1/12,2.42053,1.963322359
2018/1/15,2.43242,1.963433095
2018/1/16,2.454234,1.978876515
2018/1/17,2.440839,1.97406389
2018/1/18,2.459645,1.98489139
2018/1/19,2.458783,1.991386942
2018/1/22,2.495287,2.015180265
2018/1/23,2.527259,2.036563281
2018/1/24,2.525185,2.039942704
2018/1/25,2.510911,2.028415611
2018/1/26,2.524358,2.035953001
2018/1/29,2.479539,1.999111556
2018/1/30,2.451423,1.977774778
2018/1/31,2.476806,1.986974045
2018/2/1,2.468114,1.973032926
2018/2/2,2.480629,1.984805794
2018/2/5,2.48507,1.986159812
2018/2/6,2.412785,1.927952174
2018/2/7,2.339673,1.882231914
2018/2/8,2.316408,1.864364523
2018/2/9,2.221362,1.784718943
2018/2/12,2.258985,1.807698824
2018/2/13,2.292338,1.828855209
2018/2/14,2.313946,1.843413531
2018/2/22,2.370152,1.883270964
2018/2/23,2.378339,1.891800703
2018/2/26,2.404952,1.913794416
2018/2/27,2.364437,1.886174078
2018/2/28,2.340977,1.869752296
2018/3/1,2.356644,1.88157628
2018/3/2,2.336568,1.866415578
2018/3/5,2.336524,1.867175814
2018/3/6,2.364224,1.889698345
2018/3/7,2.350732,1.875798909
2018/3/8,2.374457,1.894826403
2018/3/9,2.394398,1.909355031
2018/3/12,2.402666,1.918091698
2018/3/13,2.382269,1.90117093
2018/3/14,2.372144,1.892848954
2018/3/15,2.390067,1.903452287
2018/3/16,2.365158,1.884985397
2018/3/19,2.377269,1.893268664
2018/3/20,2.381701,1.894874731
2018/3/21,2.366725,1.887135804
2018/3/22,2.340747,1.868222299
2018/3/23,2.279115,1.814590618
2018/3/26,2.257281,1.80295358
2018/3/27,2.274373,1.818463079
2018/3/28,2.22863,1.785677509
2018/3/29,2.264251,1.809532125
2018/3/30,2.26843,1.811599027
2018/4/2,2.253359,1.806218456
2018/4/3,2.239084,1.794861719
2018/4/4,2.235639,1.791322117
2018/4/9,2.231983,1.790423729
2018/4/10,2.275654,1.824924151
2018/4/11,2.283898,1.830114988
2018/4/12,2.257699,1.811663015
2018/4/13,2.242338,1.798888132
2018/4/16,2.204307,1.769946537
2018/4/17,2.165552,1.741961974
2018/4/18,2.175563,1.750159505
2018/4/19,2.199557,1.771331318
2018/4/20,2.173947,1.747637299
2018/4/23,2.171799,1.750179812
2018/4/24,2.221232,1.786036762
2018/4/25,2.212496,1.779165321
2018/4/26,2.170162,1.745146459
2018/4/27,2.169338,1.745788849
2018/5/2,2.179696,1.748934625
2018/5/3,2.197562,1.762575181
2018/5/4,2.190362,1.754023927
2018/5/7,2.230898,1.781714712
2018/5/8,2.2591,1.802388375
2018/5/9,2.258319,1.799106956
2018/5/10,2.270194,1.809070547
2018/5/11,2.260219,1.79967532
2018/5/14,2.283334,1.816615651
2018/5/15,2.293294,1.823495038
2018/5/16,2.274951,1.808971893
2018/5/17,2.25622,1.795591796
2018/5/18,2.278919,1.813720809
2018/5/21,2.287132,1.822168158
2018/5/22,2.277453,1.815181985
2018/5/23,2.247202,1.791192004
2018/5/24,2.231527,1.778475486
2018/5/25,2.231654,1.773494457
2018/5/28,2.244609,1.781283571
2018/5/29,2.227474,1.767691064
2018/5/30,2.186581,1.730219776
2018/5/31,2.237503,1.766932037
2018/6/1,2.214354,1.752160978
2018/6/4,2.241295,1.769349455
2018/6/5,2.268764,1.786886125
2018/6/6,2.263613,1.783184717
2018/6/7,2.260664,1.780239363
2018/6/8,2.236805,1.756355656
2018/6/11,2.23865,1.756525687
2018/6/12,2.267351,1.777888302
2018/6/13,2.250086,1.760409254
2018/6/14,2.239483,1.753451148
2018/6/15,2.23448,1.744189055
2018/6/19,2.174641,1.682702367
2018/6/20,2.184562,1.689360004
2018/6/21,2.162363,1.669620556
2018/6/22,2.172037,1.677027554
2018/6/25,2.140036,1.654523982
2018/6/26,2.118038,1.640877617
2018/6/27,2.072127,1.607489945
2018/6/28,2.04774,1.590883448
2018/6/29,2.105026,1.631524909
2018/7/2,2.038859,1.583652058
2018/7/3,2.035654,1.584263731
2018/7/4,2.008107,1.563105023
2018/7/5,1.99983,1.553202724
2018/7/6,2.01526,1.563744159
2018/7/9,2.081872,1.607453513
2018/7/10,2.089586,1.611325231
2018/7/11,2.059362,1.583450335
2018/7/12,2.1053,1.61761734
2018/7/13,2.116891,1.623023469
2018/7/16,2.105692,1.613449057
2018/7/17,2.093529,1.602896562
2018/7/18,2.083517,1.594506742
2018/7/19,2.084478,1.5931221
2018/7/20,2.12594,1.623118313
2018/7/23,2.141969,1.638386451
2018/7/24,2.164274,1.664388454
2018/7/25,2.16822,1.662551296
2018/7/26,2.139308,1.643263529
2018/7/27,2.127863,1.636284466
2018/7/30,2.124398,1.633427774
2018/7/31,2.123339,1.63462547
2018/8/1,2.081,1.601972244
2018/8/2,2.036369,1.566455728
2018/8/3,1.998795,1.540584489
2018/8/6,1.973698,1.521062285
2018/8/7,2.030545,1.565485266
2018/8/8,1.995101,1.540223703
2018/8/9,2.050615,1.578803466
2018/8/10,2.054663,1.58228368
2018/8/13,2.044505,1.575464331
2018/8/14,2.032309,1.567364571
2018/8/15,1.980895,1.529753504
2018/8/16,1.969305,1.522667701
2018/8/17,1.942045,1.500777104
2018/8/20,1.964134,1.518263448
2018/8/21,2.003049,1.545865709
2018/8/22,1.992348,1.537178579
2018/8/23,1.999424,1.542787964
2018/8/24,2.0025,1.545255011
2018/8/27,2.05409,1.583005997
2018/8/28,2.049923,1.580030577
2018/8/29,2.037832,1.573712212
2018/8/30,2.018832,1.557225234
2018/8/31,2.004647,1.549515722
2018/9/3,1.999832,1.54362399
2018/9/4,2.024374,1.563175238
2018/9/5,1.979458,1.532618421
2018/9/6,1.955635,1.51623321
2018/9/7,1.969698,1.523093452
2018/9/10,1.942187,1.500985425
2018/9/11,1.934666,1.498263959
2018/9/12,1.915754,1.48795394
2018/9/13,1.933826,1.504005037
2018/9/14,1.937854,1.506571994
2018/9/17,1.914393,1.48930043
2018/9/18,1.951676,1.519277451
2018/9/19,1.982612,1.539282609
2018/9/20,1.981096,1.538187563
2018/9/21,2.045312,1.584823917
2018/9/25,2.025872,1.570566575
2018/9/26,2.049657,1.587963234
2018/9/27,2.0419,1.581619682
2018/9/28,2.063401,1.598011538
2018/10/8,1.970209,1.529252939
2018/10/9,1.967093,1.528226807
2018/10/10,1.963254,1.524930842
2018/10/11,1.878338,1.451749401
2018/10/12,1.911703,1.473409744
2018/10/15,1.884544,1.452835711
2018/10/16,1.869578,1.440996392
2018/10/17,1.879454,1.449022777
2018/10/18,1.834498,1.414703213
2018/10/19,1.890739,1.456782754
2018/10/22,1.970452,1.519668396
2018/10/23,1.914941,1.479311095
2018/10/24,1.91728,1.481530508
2018/10/25,1.9166,1.484368194
2018/10/26,1.904738,1.474761439
2018/10/29,1.841477,1.429804342
2018/10/30,1.860782,1.445311843
2018/10/31,1.889697,1.465555155
2018/11/1,1.904312,1.476340833
2018/11/2,1.972375,1.528949356
2018/11/5,1.955428,1.516211974
2018/11/6,1.941818,1.50706466
2018/11/7,1.930795,1.497194471
2018/11/8,1.926213,1.492948863
2018/11/9,1.898524,1.471884626
2018/11/12,1.919891,1.489401872
2018/11/13,1.93759,1.504384272
2018/11/14,1.91695,1.489309863
2018/11/15,1.937346,1.506702711
2018/11/16,1.943625,1.513813422
2018/11/19,1.964881,1.530974296
2018/11/20,1.921419,1.495566889
2018/11/21,1.927653,1.499323548
2018/11/22,1.920238,1.493717277
2018/11/23,1.881828,1.460746434
2018/11/26,1.881652,1.459709335
2018/11/27,1.877111,1.457849593
2018/11/28,1.902059,1.477223189
2018/11/29,1.880347,1.458041464
2018/11/30,1.901872,1.474322305
2018/12/3,1.95604,1.515336077
2018/12/4,1.960732,1.518477066
2018/12/5,1.953479,1.511178899
2018/12/6,1.911268,1.47849663
2018/12/7,1.90939,1.478446257
2018/12/10,1.888681,1.46134491
2018/12/11,1.898907,1.468339773
2018/12/12,1.906487,1.473355375
2018/12/13,1.939337,1.496163925
2018/12/14,1.909402,1.471172115
2018/12/17,1.905672,1.468981419
2018/12/18,1.885434,1.45375343
2018/12/19,1.863221,1.43641997
2018/12/20,1.846633,1.425402783
2018/12/21,1.824406,1.407734373
2018/12/24,1.832644,1.411825053
2018/12/25,1.825027,1.402105285
2018/12/26,1.816703,1.395019296
2018/12/27,1.811396,1.389662797
2018/12/28,1.82229,1.399025356
2019/1/2,1.795468,1.379918028
2019/1/3,1.789899,1.377737138
2019/1/4,1.829863,1.41074511
2019/1/7,1.84125,1.419308864
2019/1/8,1.835281,1.416242132
2019/1/9,1.856435,1.430541807
2019/1/10,1.856257,1.427851475
2019/1/11,1.869311,1.438117349
2019/1/14,1.852244,1.425573604
2019/1/15,1.89025,1.453550778
2019/1/16,1.89334,1.453858079
2019/1/17,1.883077,1.445849166
2019/1/18,1.917322,1.472223712
2019/1/21,1.928874,1.480338388
2019/1/22,1.90409,1.460672966
2019/1/23,1.904996,1.459620951
2019/1/24,1.916961,1.467859236
2019/1/25,1.936372,1.479796186
2019/1/28,1.937712,1.479474666
2019/1/29,1.949053,1.484210849
2019/1/30,1.934751,1.472367302
2019/1/31,1.958637,1.48777192
2019/2/1,1.98407,1.509038065
2019/2/11,2.019344,1.536489906
2019/2/12,2.031896,1.547578748
2019/2/13,2.065588,1.578570098
2019/2/14,2.064935,1.580945926
2019/2/15,2.021336,1.551467937
2019/2/18,2.083384,1.60120857
2019/2/19,2.076058,1.598356758
2019/2/20,2.084481,1.604081525
2019/2/21,2.079561,1.599796279
2019/2/22,2.119648,1.635769262
2019/2/25,2.23834,1.733059367
2019/2/26,2.204649,1.712246017
2019/2/27,2.199102,1.70931781
2019/2/28,2.198271,1.705125455
2019/3/1,2.24335,1.742460635
2019/3/4,2.270681,1.763088154
2019/3/5,2.281405,1.773269175
2019/3/6,2.294532,1.788175133
2019/3/7,2.264793,1.769940357
2019/3/8,2.189119,1.699646137
2019/3/11,2.229915,1.733278469
2019/3/12,2.244335,1.74508038
2019/3/13,2.225693,1.730601613
2019/3/14,2.216448,1.718655183
2019/3/15,2.247204,1.740272263
2019/3/18,2.312524,1.789874789
2019/3/19,2.300378,1.78161011
2019/3/20,2.301389,1.782296506
2019/3/21,2.300746,1.782971052
2019/3/22,2.298136,1.781535155
2019/3/25,2.240368,1.739259328
2019/3/26,2.219788,1.719562725
2019/3/27,2.249879,1.739520764
2019/3/28,2.242405,1.732553875
2019/3/29,2.326928,1.799444322
2019/4/1,2.385149,1.846650852
2019/4/2,2.38117,1.845422765
2019/4/3,2.407213,1.869062276
2019/4/4,2.434061,1.887684465
2019/4/8,2.433135,1.885359938
2019/4/9,2.447453,1.893818022
2019/4/10,2.45506,1.898658668
2019/4/11,2.398449,1.857640714
2019/4/12,2.391044,1.853476613
2019/4/15,2.386072,1.847392685
2019/4/16,2.453308,1.898631762
2019/4/17,2.453725,1.89930589
2019/4/18,2.444829,1.892259075
2019/4/19,2.473412,1.914811719
2019/4/22,2.414893,1.87066746
2019/4/23,2.412659,1.867597893
2019/4/24,2.416892,1.872748256
2019/4/25,2.369583,1.831728676
2019/4/26,2.341031,1.807313223
2019/4/29,2.360675,1.812452294
2019/4/30,2.366994,1.818436173
2019/5/6,2.229919,1.712210375
2019/5/7,2.2536,1.72896325
2019/5/8,2.221652,1.704236547
2019/5/9,2.178746,1.6727503
2019/5/10,2.261408,1.733509281
2019/5/13,2.224855,1.704825822
2019/5/14,2.210056,1.693870625
2019/5/15,2.263613,1.731948382
2019/5/16,2.271581,1.739788287
2019/5/17,2.216269,1.695548441
2019/5/20,2.192845,1.68115764
2019/5/21,2.220889,1.703919999
2019/5/22,2.211848,1.695835945
2019/5/23,2.171738,1.665438146
2019/5/24,2.181456,1.670061502
2019/5/27,2.207139,1.69017484
2019/5/28,2.228899,1.706468507
2019/5/29,2.225672,1.702587635
2019/5/30,2.212091,1.692027194
2019/5/31,2.206756,1.686732498
2019/6/3,2.208568,1.687765693
2019/6/4,2.186645,1.672177103
2019/6/5,2.186711,1.671544379
2019/6/6,2.166707,1.656475733
2019/6/10,2.198568,1.677882075
2019/6/11,2.266962,1.728316167
2019/6/12,2.250079,1.715221065
2019/6/13,2.246486,1.712571208
2019/6/14,2.2307,1.698391888
2019/6/17,2.230096,1.698366284
2019/6/18,2.23994,1.704311408
2019/6/19,2.275617,1.726765119
2019/6/20,2.33966,1.77908019
2019/6/21,2.349031,1.781598818
2019/6/24,2.356807,1.785003892
2019/6/25,2.329991,1.766436629
2019/6/26,2.329143,1.763193639
2019/6/27,2.35952,1.782007235
2019/6/28,2.356363,1.777718179
2019/7/1,2.424604,1.828938482
2019/7/2,2.42571,1.829569301
2019/7/3,2.396838,1.809292484
2019/7/4,2.3835,1.799797813
2019/7/5,2.400932,1.809138392
2019/7/8,2.347847,1.767124326
2019/7/9,2.342179,1.762635405
2019/7/10,2.339664,1.759665701
2019/7/11,2.340324,1.758960299
2019/7/12,2.361781,1.769885244
2019/7/15,2.37237,1.777067843
2019/7/16,2.358989,1.769008743
2019/7/17,2.355497,1.767983401
2019/7/18,2.33488,1.751144605
2019/7/19,2.362541,1.769524644
2019/7/22,2.351774,1.757316313
2019/7/23,2.357104,1.761140864
2019/7/24,2.376614,1.775043971
2019/7/25,2.39738,1.789558148
2019/7/26,2.401495,1.793044404
2019/7/29,2.399547,1.791046973
2019/7/30,2.412351,1.798503972
2019/7/31,2.390456,1.782258959
2019/8/1,2.371938,1.767440177
2019/8/2,2.342036,1.741402811
2019/8/5,2.298716,1.708061423
2019/8/6,2.283243,1.689771395
2019/8/7,2.276389,1.682848466
2019/8/8,2.305851,1.705089813
2019/8/9,2.284319,1.688470584
2019/8/12,2.328152,1.71894278
2019/8/13,2.30508,1.703443829
2019/8/14,2.313629,1.711180944
2019/8/15,2.327215,1.716570948
2019/8/16,2.338771,1.724256017
2019/8/19,2.386678,1.761689711
2019/8/20,2.385258,1.760127325
2019/8/21,2.385164,1.757351026
2019/8/22,2.39083,1.762810315
2019/8/23,2.409863,1.775523208
2019/8/26,2.376443,1.749986872
2019/8/27,2.407118,1.773702593
2019/8/28,2.399899,1.767028925
2019/8/29,2.39196,1.761267818
2019/8/30,2.397049,1.765635733
2019/9/2,2.428683,1.78828178
2019/9/3,2.433155,1.79074037
2019/9/4,2.453788,1.805792009
2019/9/5,2.47554,1.824064518
2019/9/6,2.487515,1.83483816
2019/9/9,2.503359,1.84619564
2019/9/10,2.493032,1.839837079
2019/9/11,2.47323,1.826284303
2019/9/12,2.501,1.845931463
2019/9/16,2.490562,1.839116993
2019/9/17,2.452822,1.808217513
2019/9/18,2.466615,1.816982943
2019/9/19,2.474685,1.823627382
2019/9/20,2.48071,1.828863899
2019/9/23,2.454075,1.807957657
2019/9/24,2.465912,1.812797048
2019/9/25,2.450323,1.798813503
2019/9/26,2.430652,1.784944829
2019/9/27,2.439915,1.790295567
2019/9/30,2.414565,1.772579108
2019/10/8,2.431879,1.783337136
2019/10/9,2.434935,1.785920868
2019/10/10,2.459417,1.800512137
2019/10/11,2.481262,1.817745781
2019/10/14,2.506849,1.837037824
2019/10/15,2.495137,1.82914211
2019/10/16,2.485876,1.822838847
2019/10/17,2.488523,1.824017398
2019/10/18,2.453995,1.798067208
2019/10/21,2.457773,1.80339355
2019/10/22,2.469258,1.810383022
2019/10/23,2.449183,1.798860483
2019/10/24,2.446795,1.798666707
2019/10/25,2.466237,1.810806542
2019/10/28,2.486615,1.824650959
2019/10/29,2.478316,1.817049069
2019/10/30,2.46043,1.808219697
2019/10/31,2.45947,1.806140853
2019/11/1,2.506137,1.836641023
2019/11/4,2.521163,1.848599582
2019/11/5,2.536979,1.860073375
2019/11/6,2.522634,1.851740897
2019/11/7,2.530885,1.854990625
2019/11/8,2.520683,1.84622459
2019/11/11,2.473888,1.813681124
2019/11/12,2.47557,1.814011287
2019/11/13,2.478559,1.812288536
2019/11/14,2.48479,1.815018832
2019/11/15,2.465443,1.801650677
2019/11/18,2.486671,1.815981719
2019/11/19,2.520565,1.834155853
2019/11/20,2.498227,1.815951514
2019/11/21,2.482473,1.807463411
2019/11/22,2.449983,1.789060138
2019/11/25,2.461073,1.802169691
2019/11/26,2.467718,1.808418492
2019/11/27,2.457466,1.800967302
2019/11/28,2.449733,1.794779608
2019/11/29,2.42395,1.779150962
2019/12/2,2.430612,1.782584243
2019/12/3,2.441716,1.789567814
2019/12/4,2.445479,1.788978445
2019/12/5,2.467951,1.802707665
2019/12/6,2.487601,1.813405562
2019/12/9,2.481569,1.810181299
2019/12/10,2.487702,1.812475714
2019/12/11,2.491564,1.813574663
2019/12/12,2.481491,1.808126154
2019/12/13,2.533252,1.843998903
2019/12/16,2.542271,1.852979207
2019/12/17,2.573409,1.878190212
2019/12/18,2.566638,1.874000088
2019/12/19,2.563442,1.871382434
2019/12/20,2.556412,1.866783475
2019/12/23,2.529483,1.843476172
2019/12/24,2.553312,1.855493979
2019/12/25,2.55537,1.854522309
2019/12/26,2.577846,1.870842648
2019/12/27,2.574578,1.869002423
2019/12/30,2.615883,1.896700643
2019/12/31,2.62343,1.903647178
2020/1/2,2.65719,1.929511307
2020/1/3,2.651585,1.926130258
2020/1/6,2.640905,1.918848773
2020/1/7,2.66503,1.933222613
2020/1/8,2.638983,1.910959147
2020/1/9,2.678541,1.935147505
2020/1/10,2.675657,1.934596938
2020/1/13,2.704624,1.953557934
2020/1/14,2.697016,1.947004807
2020/1/15,2.681451,1.936246361
2020/1/16,2.673334,1.928025502
2020/1/17,2.680574,1.930725174
2020/1/20,2.692733,1.945120111
2020/1/21,2.640265,1.911884487
2020/1/22,2.659362,1.920073561
2020/1/23,2.571766,1.860579192
2020/2/3,2.370748,1.713948786
2020/2/4,2.444757,1.75915389
2020/2/5,2.476458,1.779084325
2020/2/6,2.52318,1.812192624
2020/2/7,2.518053,1.812236398
2020/2/10,2.535838,1.819734615
2020/2/11,2.562603,1.836676851
2020/2/12,2.590055,1.851532204
2020/2/13,2.576434,1.840140894
2020/2/14,2.594766,1.853066476
2020/2/17,2.64996,1.894744617
2020/2/18,2.637527,1.885491074
2020/2/19,2.632316,1.88260994
2020/2/20,2.689867,1.925986761
2020/2/21,2.689597,1.928233173
2020/2/24,2.676836,1.920495361
2020/2/25,2.675619,1.91632034
2020/2/26,2.630988,1.892695838
2020/2/27,2.644221,1.898207406
2020/2/28,2.545893,1.830907473
2020/3/2,2.627915,1.891139586
2020/3/3,2.643282,1.901221209
2020/3/4,2.657627,1.912230171
2020/3/5,2.7197,1.954829702
2020/3/6,2.674705,1.923129419
2020/3/9,2.578886,1.857433787
2020/3/10,2.635477,1.897210921
2020/3/11,2.598961,1.871976961
2020/3/12,2.545016,1.835955092
2020/3/13,2.507867,1.810119031
2020/3/16,2.386422,1.732295739
2020/3/17,2.369328,1.723858055
2020/3/18,2.320411,1.689737751
2020/3/19,2.28457,1.667821084
2020/3/20,2.329138,1.697622359
2020/3/23,2.242604,1.640503354
2020/3/24,2.311069,1.684560204
2020/3/25,2.383493,1.72982279
2020/3/26,2.368309,1.718451369
2020/3/27,2.372787,1.724033848
2020/3/30,2.341468,1.707328326
2020/3/31,2.353199,1.71292521
2020/4/1,2.347413,1.707776753
2020/4/2,2.380377,1.735404897
2020/4/3,2.372341,1.725501251
2020/4/7,2.432958,1.764908537
2020/4/8,2.417524,1.756694231
2020/4/9,2.431671,1.762487076
2020/4/10,2.420209,1.751505345
2020/4/13,2.417783,1.744106712
2020/4/14,2.463944,1.777770131
2020/4/15,2.443781,1.764602259
2020/4/16,2.446922,1.766934221
2020/4/17,2.467095,1.784177298
2020/4/20,2.483371,1.79066811
2020/4/21,2.457168,1.769567535
2020/4/22,2.482546,1.78412911
2020/4/23,2.478018,1.779653712
2020/4/24,2.459492,1.764420936
2020/4/27,2.478027,1.776408538
2020/4/28,2.499922,1.78866594
2020/4/29,2.505435,1.796977181
2020/4/30,2.525144,1.818141652
2020/5/6,2.543058,1.829144015
2020/5/7,2.536415,1.823865444
2020/5/8,2.569578,1.841861601
2020/5/11,2.565914,1.840262411
2020/5/12,2.5758,1.840289131
2020/5/13,2.583334,1.844013681
2020/5/14,2.553615,1.824015586
2020/5/15,2.539697,1.818252574
2020/5/18,2.554201,1.822944007
2020/5/19,2.574725,1.838435802
2020/5/20,2.55577,1.8286645
2020/5/21,2.545868,1.818707507
2020/5/22,2.486361,1.777010314
2020/5/25,2.494794,1.779454824
2020/5/26,2.532896,1.799643628
2020/5/27,2.509003,1.787024185
2020/5/28,2.515957,1.792144575
2020/5/29,2.53122,1.796973092
2020/6/1,2.602566,1.845448323
2020/6/2,2.606632,1.851130339
2020/6/3,2.610857,1.851167514
2020/6/4,2.613443,1.850487856
2020/6/5,2.622606,1.859347573
2020/6/8,2.631577,1.868968547
2020/6/9,2.649651,1.88062041
2020/6/10,2.650658,1.877216916
2020/6/11,2.624052,1.856853899
2020/6/12,2.631089,1.860198888
2020/6/15,2.601576,1.837849733
2020/6/16,2.643502,1.865536939
2020/6/17,2.645677,1.86694212
2020/6/18,2.658813,1.879391254
2020/6/19,2.697689,1.904635763
2020/6/22,2.691433,1.90618616
2020/6/23,2.712348,1.915363122
2020/6/24,2.730721,1.92335354
2020/6/29,2.713896,1.909750577
2020/6/30,2.754333,1.93495884
2020/7/1,2.808434,1.973909195
2020/7/2,2.8562,2.014830399
2020/7/3,2.881854,2.053748783
2020/7/6,2.985095,2.170153743
2020/7/7,3.032608,2.183179745
2020/7/8,3.059565,2.218439519
2020/7/9,3.125279,2.249465581
2020/7/10,3.109426,2.208740988
2020/7/13,3.211315,2.255130172
2020/7/14,3.191159,2.233628428
2020/7/15,3.174889,2.204714621
2020/7/16,2.992181,2.098664802
2020/7/17,3.026269,2.111884115
2020/7/20,3.097322,2.174898105
2020/7/21,3.134369,2.179887916
2020/7/22,3.153172,2.190763047
2020/7/23,3.166513,2.189829156
2020/7/24,3.01086,2.093709981
2020/7/27,3.032765,2.104332552
2020/7/28,3.071131,2.122830808
2020/7/29,3.145115,2.174295586
2020/7/30,3.140416,2.163673945
2020/7/31,3.161074,2.181748402
2020/8/3,3.21274,2.217187919
2020/8/4,3.1957,2.219275128
2020/8/5,3.217053,2.219882247
2020/8/6,3.1842,2.213216386
2020/8/7,3.15794,2.187733629
2020/8/10,3.16396,2.195607131
2020/8/11,3.134856,2.17558543
2020/8/12,3.096811,2.159721278
2020/8/13,3.103666,2.154176578
2020/8/14,3.148827,2.186201356
2020/8/17,3.204978,2.237594989
2020/8/18,3.224231,2.23644734
2020/8/19,3.173065,2.202953301
2020/8/20,3.131761,2.174363617
2020/8/21,3.177581,2.192806621
2020/8/24,3.232526,2.210002997
2020/8/25,3.247623,2.212838359
2020/8/26,3.217138,2.186899043
2020/8/27,3.240018,2.198616195
2020/8/28,3.324139,2.251089214
2020/8/31,3.306982,2.238054662
2020/9/1,3.340101,2.250093426
2020/9/2,3.357397,2.250913467
